ISO-10303-21;
HEADER;
/* Generated by software containing ST-Developer
 * from STEP Tools, Inc. (www.steptools.com) 
 */

FILE_DESCRIPTION(
/* description */ (''),
/* implementation_level */ '2;1');

FILE_NAME(
/* name */ 'ov2710.step',
/* time_stamp */ '2026-09-25T15:14:39+02:00',
/* author */ (''),
/* organization */ (''),
/* preprocessor_version */ 'ST-DEVELOPER v20.2',
/* originating_system */ 'Autodesk Translation Framework v15.15.0.0',
/* authorisation */ '');

FILE_SCHEMA (('AUTOMOTIVE_DESIGN { 1 0 10303 214 3 1 1 }'));
ENDSEC;

DATA;
#10=MECHANICAL_DESIGN_GEOMETRIC_PRESENTATION_REPRESENTATION('',(#58,#59,
#60,#61),#2468);
#11=SHAPE_REPRESENTATION_RELATIONSHIP('SRR','None',#2475,#12);
#12=ADVANCED_BREP_SHAPE_REPRESENTATION('',(#62,#63,#64,#65),#2467);
#13=TOROIDAL_SURFACE('',#1639,0.950000000000002,0.2);
#14=TOROIDAL_SURFACE('',#1641,0.950000000000002,0.2);
#15=CYLINDRICAL_SURFACE('',#1582,4.39194754832971);
#16=CYLINDRICAL_SURFACE('',#1589,7.);
#17=CYLINDRICAL_SURFACE('',#1591,6.25);
#18=CYLINDRICAL_SURFACE('',#1604,1.);
#19=CYLINDRICAL_SURFACE('',#1606,1.);
#20=CYLINDRICAL_SURFACE('',#1608,1.);
#21=CYLINDRICAL_SURFACE('',#1610,1.);
#22=CYLINDRICAL_SURFACE('',#1626,2.1);
#23=CYLINDRICAL_SURFACE('',#1633,2.1);
#24=CYLINDRICAL_SURFACE('',#1635,0.750000000000002);
#25=CYLINDRICAL_SURFACE('',#1637,0.750000000000002);
#26=CONICAL_SURFACE('',#1580,2.47893849329948,0.209439510239324);
#27=CONICAL_SURFACE('',#1584,4.39194754832968,0.383972435438758);
#28=CONICAL_SURFACE('',#1586,6.80000000000001,0.785398163397442);
#29=CIRCLE('',#1578,6.25);
#30=CIRCLE('',#1579,3.4141873646476);
#31=CIRCLE('',#1581,4.39194754832971);
#32=CIRCLE('',#1583,4.39194754832971);
#33=CIRCLE('',#1585,5.2);
#34=CIRCLE('',#1587,7.);
#35=CIRCLE('',#1588,6.80000000000001);
#36=CIRCLE('',#1590,7.);
#37=CIRCLE('',#1592,6.25);
#38=CIRCLE('',#1599,1.);
#39=CIRCLE('',#1600,1.);
#40=CIRCLE('',#1601,1.);
#41=CIRCLE('',#1602,1.);
#42=CIRCLE('',#1605,1.);
#43=CIRCLE('',#1607,1.);
#44=CIRCLE('',#1609,1.);
#45=CIRCLE('',#1611,1.);
#46=CIRCLE('',#1614,2.1);
#47=CIRCLE('',#1615,2.1);
#48=CIRCLE('',#1616,0.750000000000002);
#49=CIRCLE('',#1617,0.750000000000002);
#50=CIRCLE('',#1627,2.1);
#51=CIRCLE('',#1629,2.1);
#52=CIRCLE('',#1630,0.950000000000003);
#53=CIRCLE('',#1631,0.950000000000003);
#54=CIRCLE('',#1636,0.750000000000002);
#55=CIRCLE('',#1638,0.750000000000002);
#56=CIRCLE('',#1640,0.2);
#57=CIRCLE('',#1642,0.2);
#58=STYLED_ITEM('',(#2485),#62);
#59=STYLED_ITEM('',(#2486),#63);
#60=STYLED_ITEM('',(#2487),#64);
#61=STYLED_ITEM('',(#2487),#65);
#62=MANIFOLD_SOLID_BREP('socket',#1510);
#63=MANIFOLD_SOLID_BREP('lens',#1511);
#64=MANIFOLD_SOLID_BREP('pcba 32x32',#1512);
#65=MANIFOLD_SOLID_BREP('lens body',#1513);
#66=FACE_BOUND('',#173,.T.);
#67=FACE_BOUND('',#174,.T.);
#68=FACE_BOUND('',#175,.T.);
#69=FACE_BOUND('',#176,.T.);
#70=FACE_BOUND('',#227,.T.);
#71=FACE_BOUND('',#235,.T.);
#72=FACE_BOUND('',#237,.T.);
#73=FACE_BOUND('',#242,.T.);
#74=FACE_BOUND('',#243,.T.);
#75=FACE_BOUND('',#244,.T.);
#76=FACE_BOUND('',#245,.T.);
#77=FACE_BOUND('',#252,.T.);
#78=FACE_BOUND('',#253,.T.);
#79=FACE_BOUND('',#254,.T.);
#80=FACE_BOUND('',#255,.T.);
#81=FACE_BOUND('',#257,.T.);
#82=FACE_BOUND('',#258,.T.);
#83=FACE_BOUND('',#269,.T.);
#84=FACE_BOUND('',#270,.T.);
#85=FACE_OUTER_BOUND('',#172,.T.);
#86=FACE_OUTER_BOUND('',#177,.T.);
#87=FACE_OUTER_BOUND('',#178,.T.);
#88=FACE_OUTER_BOUND('',#179,.T.);
#89=FACE_OUTER_BOUND('',#180,.T.);
#90=FACE_OUTER_BOUND('',#181,.T.);
#91=FACE_OUTER_BOUND('',#182,.T.);
#92=FACE_OUTER_BOUND('',#183,.T.);
#93=FACE_OUTER_BOUND('',#184,.T.);
#94=FACE_OUTER_BOUND('',#185,.T.);
#95=FACE_OUTER_BOUND('',#186,.T.);
#96=FACE_OUTER_BOUND('',#187,.T.);
#97=FACE_OUTER_BOUND('',#188,.T.);
#98=FACE_OUTER_BOUND('',#189,.T.);
#99=FACE_OUTER_BOUND('',#190,.T.);
#100=FACE_OUTER_BOUND('',#191,.T.);
#101=FACE_OUTER_BOUND('',#192,.T.);
#102=FACE_OUTER_BOUND('',#193,.T.);
#103=FACE_OUTER_BOUND('',#194,.T.);
#104=FACE_OUTER_BOUND('',#195,.T.);
#105=FACE_OUTER_BOUND('',#196,.T.);
#106=FACE_OUTER_BOUND('',#197,.T.);
#107=FACE_OUTER_BOUND('',#198,.T.);
#108=FACE_OUTER_BOUND('',#199,.T.);
#109=FACE_OUTER_BOUND('',#200,.T.);
#110=FACE_OUTER_BOUND('',#201,.T.);
#111=FACE_OUTER_BOUND('',#202,.T.);
#112=FACE_OUTER_BOUND('',#203,.T.);
#113=FACE_OUTER_BOUND('',#204,.T.);
#114=FACE_OUTER_BOUND('',#205,.T.);
#115=FACE_OUTER_BOUND('',#206,.T.);
#116=FACE_OUTER_BOUND('',#207,.T.);
#117=FACE_OUTER_BOUND('',#208,.T.);
#118=FACE_OUTER_BOUND('',#209,.T.);
#119=FACE_OUTER_BOUND('',#210,.T.);
#120=FACE_OUTER_BOUND('',#211,.T.);
#121=FACE_OUTER_BOUND('',#212,.T.);
#122=FACE_OUTER_BOUND('',#213,.T.);
#123=FACE_OUTER_BOUND('',#214,.T.);
#124=FACE_OUTER_BOUND('',#215,.T.);
#125=FACE_OUTER_BOUND('',#216,.T.);
#126=FACE_OUTER_BOUND('',#217,.T.);
#127=FACE_OUTER_BOUND('',#218,.T.);
#128=FACE_OUTER_BOUND('',#219,.T.);
#129=FACE_OUTER_BOUND('',#220,.T.);
#130=FACE_OUTER_BOUND('',#221,.T.);
#131=FACE_OUTER_BOUND('',#222,.T.);
#132=FACE_OUTER_BOUND('',#223,.T.);
#133=FACE_OUTER_BOUND('',#224,.T.);
#134=FACE_OUTER_BOUND('',#225,.T.);
#135=FACE_OUTER_BOUND('',#226,.T.);
#136=FACE_OUTER_BOUND('',#228,.T.);
#137=FACE_OUTER_BOUND('',#229,.T.);
#138=FACE_OUTER_BOUND('',#230,.T.);
#139=FACE_OUTER_BOUND('',#231,.T.);
#140=FACE_OUTER_BOUND('',#232,.T.);
#141=FACE_OUTER_BOUND('',#233,.T.);
#142=FACE_OUTER_BOUND('',#234,.T.);
#143=FACE_OUTER_BOUND('',#236,.T.);
#144=FACE_OUTER_BOUND('',#238,.T.);
#145=FACE_OUTER_BOUND('',#239,.T.);
#146=FACE_OUTER_BOUND('',#240,.T.);
#147=FACE_OUTER_BOUND('',#241,.T.);
#148=FACE_OUTER_BOUND('',#246,.T.);
#149=FACE_OUTER_BOUND('',#247,.T.);
#150=FACE_OUTER_BOUND('',#248,.T.);
#151=FACE_OUTER_BOUND('',#249,.T.);
#152=FACE_OUTER_BOUND('',#250,.T.);
#153=FACE_OUTER_BOUND('',#251,.T.);
#154=FACE_OUTER_BOUND('',#256,.T.);
#155=FACE_OUTER_BOUND('',#259,.T.);
#156=FACE_OUTER_BOUND('',#260,.T.);
#157=FACE_OUTER_BOUND('',#261,.T.);
#158=FACE_OUTER_BOUND('',#262,.T.);
#159=FACE_OUTER_BOUND('',#263,.T.);
#160=FACE_OUTER_BOUND('',#264,.T.);
#161=FACE_OUTER_BOUND('',#265,.T.);
#162=FACE_OUTER_BOUND('',#266,.T.);
#163=FACE_OUTER_BOUND('',#267,.T.);
#164=FACE_OUTER_BOUND('',#268,.T.);
#165=FACE_OUTER_BOUND('',#271,.T.);
#166=FACE_OUTER_BOUND('',#272,.T.);
#167=FACE_OUTER_BOUND('',#273,.T.);
#168=FACE_OUTER_BOUND('',#274,.T.);
#169=FACE_OUTER_BOUND('',#275,.T.);
#170=FACE_OUTER_BOUND('',#276,.T.);
#171=FACE_OUTER_BOUND('',#277,.T.);
#172=EDGE_LOOP('',(#950,#951,#952,#953,#954,#955,#956,#957));
#173=EDGE_LOOP('',(#958,#959,#960,#961));
#174=EDGE_LOOP('',(#962,#963,#964,#965));
#175=EDGE_LOOP('',(#966,#967,#968,#969));
#176=EDGE_LOOP('',(#970,#971,#972,#973));
#177=EDGE_LOOP('',(#974,#975,#976,#977));
#178=EDGE_LOOP('',(#978,#979,#980,#981));
#179=EDGE_LOOP('',(#982,#983,#984,#985));
#180=EDGE_LOOP('',(#986,#987,#988,#989,#990,#991,#992,#993));
#181=EDGE_LOOP('',(#994,#995,#996,#997,#998,#999,#1000,#1001,#1002,#1003,
#1004,#1005));
#182=EDGE_LOOP('',(#1006,#1007,#1008,#1009));
#183=EDGE_LOOP('',(#1010,#1011,#1012,#1013));
#184=EDGE_LOOP('',(#1014,#1015,#1016,#1017));
#185=EDGE_LOOP('',(#1018,#1019,#1020,#1021));
#186=EDGE_LOOP('',(#1022,#1023,#1024,#1025));
#187=EDGE_LOOP('',(#1026,#1027,#1028,#1029));
#188=EDGE_LOOP('',(#1030,#1031,#1032,#1033));
#189=EDGE_LOOP('',(#1034,#1035,#1036,#1037));
#190=EDGE_LOOP('',(#1038,#1039,#1040,#1041));
#191=EDGE_LOOP('',(#1042,#1043,#1044,#1045));
#192=EDGE_LOOP('',(#1046,#1047,#1048,#1049));
#193=EDGE_LOOP('',(#1050,#1051,#1052,#1053));
#194=EDGE_LOOP('',(#1054,#1055,#1056,#1057));
#195=EDGE_LOOP('',(#1058,#1059,#1060,#1061));
#196=EDGE_LOOP('',(#1062,#1063,#1064,#1065));
#197=EDGE_LOOP('',(#1066,#1067,#1068,#1069));
#198=EDGE_LOOP('',(#1070,#1071,#1072,#1073));
#199=EDGE_LOOP('',(#1074,#1075,#1076,#1077));
#200=EDGE_LOOP('',(#1078,#1079,#1080,#1081));
#201=EDGE_LOOP('',(#1082,#1083,#1084,#1085));
#202=EDGE_LOOP('',(#1086,#1087,#1088,#1089));
#203=EDGE_LOOP('',(#1090,#1091,#1092,#1093));
#204=EDGE_LOOP('',(#1094,#1095,#1096,#1097));
#205=EDGE_LOOP('',(#1098,#1099,#1100,#1101));
#206=EDGE_LOOP('',(#1102,#1103,#1104,#1105));
#207=EDGE_LOOP('',(#1106,#1107,#1108,#1109));
#208=EDGE_LOOP('',(#1110,#1111,#1112,#1113));
#209=EDGE_LOOP('',(#1114,#1115,#1116,#1117));
#210=EDGE_LOOP('',(#1118,#1119,#1120,#1121));
#211=EDGE_LOOP('',(#1122,#1123,#1124,#1125));
#212=EDGE_LOOP('',(#1126,#1127,#1128,#1129));
#213=EDGE_LOOP('',(#1130,#1131,#1132,#1133));
#214=EDGE_LOOP('',(#1134,#1135,#1136,#1137));
#215=EDGE_LOOP('',(#1138,#1139,#1140,#1141));
#216=EDGE_LOOP('',(#1142,#1143,#1144,#1145));
#217=EDGE_LOOP('',(#1146,#1147,#1148,#1149));
#218=EDGE_LOOP('',(#1150,#1151,#1152,#1153));
#219=EDGE_LOOP('',(#1154,#1155,#1156,#1157));
#220=EDGE_LOOP('',(#1158,#1159,#1160,#1161));
#221=EDGE_LOOP('',(#1162,#1163,#1164,#1165));
#222=EDGE_LOOP('',(#1166,#1167,#1168,#1169));
#223=EDGE_LOOP('',(#1170,#1171,#1172,#1173));
#224=EDGE_LOOP('',(#1174,#1175,#1176,#1177));
#225=EDGE_LOOP('',(#1178,#1179,#1180,#1181));
#226=EDGE_LOOP('',(#1182));
#227=EDGE_LOOP('',(#1183));
#228=EDGE_LOOP('',(#1184,#1185,#1186,#1187));
#229=EDGE_LOOP('',(#1188,#1189,#1190,#1191));
#230=EDGE_LOOP('',(#1192,#1193,#1194,#1195));
#231=EDGE_LOOP('',(#1196,#1197,#1198,#1199));
#232=EDGE_LOOP('',(#1200,#1201,#1202,#1203));
#233=EDGE_LOOP('',(#1204,#1205,#1206,#1207));
#234=EDGE_LOOP('',(#1208));
#235=EDGE_LOOP('',(#1209));
#236=EDGE_LOOP('',(#1210));
#237=EDGE_LOOP('',(#1211));
#238=EDGE_LOOP('',(#1212,#1213,#1214,#1215));
#239=EDGE_LOOP('',(#1216,#1217,#1218,#1219));
#240=EDGE_LOOP('',(#1220,#1221,#1222,#1223));
#241=EDGE_LOOP('',(#1224,#1225,#1226,#1227));
#242=EDGE_LOOP('',(#1228));
#243=EDGE_LOOP('',(#1229));
#244=EDGE_LOOP('',(#1230));
#245=EDGE_LOOP('',(#1231));
#246=EDGE_LOOP('',(#1232,#1233,#1234,#1235));
#247=EDGE_LOOP('',(#1236,#1237,#1238,#1239));
#248=EDGE_LOOP('',(#1240,#1241,#1242,#1243));
#249=EDGE_LOOP('',(#1244,#1245,#1246,#1247));
#250=EDGE_LOOP('',(#1248,#1249,#1250,#1251));
#251=EDGE_LOOP('',(#1252,#1253,#1254,#1255));
#252=EDGE_LOOP('',(#1256));
#253=EDGE_LOOP('',(#1257));
#254=EDGE_LOOP('',(#1258));
#255=EDGE_LOOP('',(#1259));
#256=EDGE_LOOP('',(#1260,#1261,#1262,#1263,#1264,#1265,#1266,#1267,#1268,
#1269,#1270,#1271));
#257=EDGE_LOOP('',(#1272));
#258=EDGE_LOOP('',(#1273));
#259=EDGE_LOOP('',(#1274,#1275,#1276,#1277));
#260=EDGE_LOOP('',(#1278,#1279,#1280,#1281));
#261=EDGE_LOOP('',(#1282,#1283,#1284,#1285));
#262=EDGE_LOOP('',(#1286,#1287,#1288,#1289));
#263=EDGE_LOOP('',(#1290,#1291,#1292,#1293));
#264=EDGE_LOOP('',(#1294,#1295,#1296,#1297));
#265=EDGE_LOOP('',(#1298,#1299,#1300,#1301));
#266=EDGE_LOOP('',(#1302,#1303,#1304,#1305));
#267=EDGE_LOOP('',(#1306,#1307,#1308,#1309));
#268=EDGE_LOOP('',(#1310,#1311,#1312,#1313,#1314,#1315,#1316,#1317,#1318,
#1319,#1320,#1321));
#269=EDGE_LOOP('',(#1322));
#270=EDGE_LOOP('',(#1323));
#271=EDGE_LOOP('',(#1324,#1325,#1326,#1327));
#272=EDGE_LOOP('',(#1328,#1329,#1330,#1331));
#273=EDGE_LOOP('',(#1332,#1333,#1334,#1335));
#274=EDGE_LOOP('',(#1336,#1337,#1338,#1339));
#275=EDGE_LOOP('',(#1340,#1341,#1342,#1343));
#276=EDGE_LOOP('',(#1344,#1345,#1346,#1347));
#277=EDGE_LOOP('',(#1348,#1349,#1350,#1351));
#278=LINE('',#2053,#450);
#279=LINE('',#2055,#451);
#280=LINE('',#2057,#452);
#281=LINE('',#2059,#453);
#282=LINE('',#2061,#454);
#283=LINE('',#2063,#455);
#284=LINE('',#2065,#456);
#285=LINE('',#2066,#457);
#286=LINE('',#2069,#458);
#287=LINE('',#2071,#459);
#288=LINE('',#2073,#460);
#289=LINE('',#2074,#461);
#290=LINE('',#2077,#462);
#291=LINE('',#2079,#463);
#292=LINE('',#2081,#464);
#293=LINE('',#2082,#465);
#294=LINE('',#2085,#466);
#295=LINE('',#2087,#467);
#296=LINE('',#2089,#468);
#297=LINE('',#2090,#469);
#298=LINE('',#2093,#470);
#299=LINE('',#2095,#471);
#300=LINE('',#2097,#472);
#301=LINE('',#2098,#473);
#302=LINE('',#2102,#474);
#303=LINE('',#2104,#475);
#304=LINE('',#2106,#476);
#305=LINE('',#2107,#477);
#306=LINE('',#2110,#478);
#307=LINE('',#2112,#479);
#308=LINE('',#2113,#480);
#309=LINE('',#2116,#481);
#310=LINE('',#2118,#482);
#311=LINE('',#2119,#483);
#312=LINE('',#2122,#484);
#313=LINE('',#2123,#485);
#314=LINE('',#2124,#486);
#315=LINE('',#2126,#487);
#316=LINE('',#2127,#488);
#317=LINE('',#2130,#489);
#318=LINE('',#2132,#490);
#319=LINE('',#2134,#491);
#320=LINE('',#2136,#492);
#321=LINE('',#2138,#493);
#322=LINE('',#2140,#494);
#323=LINE('',#2141,#495);
#324=LINE('',#2144,#496);
#325=LINE('',#2145,#497);
#326=LINE('',#2147,#498);
#327=LINE('',#2149,#499);
#328=LINE('',#2152,#500);
#329=LINE('',#2154,#501);
#330=LINE('',#2158,#502);
#331=LINE('',#2160,#503);
#332=LINE('',#2161,#504);
#333=LINE('',#2164,#505);
#334=LINE('',#2165,#506);
#335=LINE('',#2168,#507);
#336=LINE('',#2169,#508);
#337=LINE('',#2171,#509);
#338=LINE('',#2175,#510);
#339=LINE('',#2177,#511);
#340=LINE('',#2179,#512);
#341=LINE('',#2180,#513);
#342=LINE('',#2182,#514);
#343=LINE('',#2183,#515);
#344=LINE('',#2185,#516);
#345=LINE('',#2187,#517);
#346=LINE('',#2191,#518);
#347=LINE('',#2193,#519);
#348=LINE('',#2194,#520);
#349=LINE('',#2197,#521);
#350=LINE('',#2198,#522);
#351=LINE('',#2201,#523);
#352=LINE('',#2202,#524);
#353=LINE('',#2204,#525);
#354=LINE('',#2208,#526);
#355=LINE('',#2210,#527);
#356=LINE('',#2212,#528);
#357=LINE('',#2213,#529);
#358=LINE('',#2215,#530);
#359=LINE('',#2216,#531);
#360=LINE('',#2218,#532);
#361=LINE('',#2220,#533);
#362=LINE('',#2224,#534);
#363=LINE('',#2226,#535);
#364=LINE('',#2227,#536);
#365=LINE('',#2230,#537);
#366=LINE('',#2231,#538);
#367=LINE('',#2234,#539);
#368=LINE('',#2235,#540);
#369=LINE('',#2237,#541);
#370=LINE('',#2241,#542);
#371=LINE('',#2243,#543);
#372=LINE('',#2245,#544);
#373=LINE('',#2246,#545);
#374=LINE('',#2248,#546);
#375=LINE('',#2249,#547);
#376=LINE('',#2251,#548);
#377=LINE('',#2253,#549);
#378=LINE('',#2257,#550);
#379=LINE('',#2259,#551);
#380=LINE('',#2260,#552);
#381=LINE('',#2263,#553);
#382=LINE('',#2264,#554);
#383=LINE('',#2267,#555);
#384=LINE('',#2268,#556);
#385=LINE('',#2270,#557);
#386=LINE('',#2274,#558);
#387=LINE('',#2276,#559);
#388=LINE('',#2278,#560);
#389=LINE('',#2279,#561);
#390=LINE('',#2281,#562);
#391=LINE('',#2282,#563);
#392=LINE('',#2284,#564);
#393=LINE('',#2286,#565);
#394=LINE('',#2295,#566);
#395=LINE('',#2299,#567);
#396=LINE('',#2303,#568);
#397=LINE('',#2309,#569);
#398=LINE('',#2314,#570);
#399=LINE('',#2317,#571);
#400=LINE('',#2324,#572);
#401=LINE('',#2326,#573);
#402=LINE('',#2328,#574);
#403=LINE('',#2329,#575);
#404=LINE('',#2332,#576);
#405=LINE('',#2334,#577);
#406=LINE('',#2335,#578);
#407=LINE('',#2338,#579);
#408=LINE('',#2340,#580);
#409=LINE('',#2341,#581);
#410=LINE('',#2343,#582);
#411=LINE('',#2353,#583);
#412=LINE('',#2356,#584);
#413=LINE('',#2360,#585);
#414=LINE('',#2364,#586);
#415=LINE('',#2368,#587);
#416=LINE('',#2374,#588);
#417=LINE('',#2376,#589);
#418=LINE('',#2378,#590);
#419=LINE('',#2380,#591);
#420=LINE('',#2382,#592);
#421=LINE('',#2386,#593);
#422=LINE('',#2388,#594);
#423=LINE('',#2390,#595);
#424=LINE('',#2392,#596);
#425=LINE('',#2394,#597);
#426=LINE('',#2402,#598);
#427=LINE('',#2404,#599);
#428=LINE('',#2405,#600);
#429=LINE('',#2408,#601);
#430=LINE('',#2409,#602);
#431=LINE('',#2412,#603);
#432=LINE('',#2414,#604);
#433=LINE('',#2415,#605);
#434=LINE('',#2418,#606);
#435=LINE('',#2419,#607);
#436=LINE('',#2422,#608);
#437=LINE('',#2424,#609);
#438=LINE('',#2425,#610);
#439=LINE('',#2428,#611);
#440=LINE('',#2429,#612);
#441=LINE('',#2432,#613);
#442=LINE('',#2434,#614);
#443=LINE('',#2435,#615);
#444=LINE('',#2438,#616);
#445=LINE('',#2439,#617);
#446=LINE('',#2444,#618);
#447=LINE('',#2445,#619);
#448=LINE('',#2456,#620);
#449=LINE('',#2460,#621);
#450=VECTOR('',#1647,1000.);
#451=VECTOR('',#1648,1000.);
#452=VECTOR('',#1649,1000.);
#453=VECTOR('',#1650,1000.);
#454=VECTOR('',#1651,1000.);
#455=VECTOR('',#1652,1000.);
#456=VECTOR('',#1653,1000.);
#457=VECTOR('',#1654,1000.);
#458=VECTOR('',#1655,1000.);
#459=VECTOR('',#1656,1000.);
#460=VECTOR('',#1657,1000.);
#461=VECTOR('',#1658,1000.);
#462=VECTOR('',#1659,1000.);
#463=VECTOR('',#1660,1000.);
#464=VECTOR('',#1661,1000.);
#465=VECTOR('',#1662,1000.);
#466=VECTOR('',#1663,1000.);
#467=VECTOR('',#1664,1000.);
#468=VECTOR('',#1665,1000.);
#469=VECTOR('',#1666,1000.);
#470=VECTOR('',#1667,1000.);
#471=VECTOR('',#1668,1000.);
#472=VECTOR('',#1669,1000.);
#473=VECTOR('',#1670,1000.);
#474=VECTOR('',#1673,1000.);
#475=VECTOR('',#1674,1000.);
#476=VECTOR('',#1675,1000.);
#477=VECTOR('',#1676,1000.);
#478=VECTOR('',#1679,1000.);
#479=VECTOR('',#1680,1000.);
#480=VECTOR('',#1681,1000.);
#481=VECTOR('',#1684,1000.);
#482=VECTOR('',#1685,1000.);
#483=VECTOR('',#1686,1000.);
#484=VECTOR('',#1689,1000.);
#485=VECTOR('',#1690,1000.);
#486=VECTOR('',#1691,1000.);
#487=VECTOR('',#1692,1000.);
#488=VECTOR('',#1693,1000.);
#489=VECTOR('',#1696,1000.);
#490=VECTOR('',#1697,1000.);
#491=VECTOR('',#1698,1000.);
#492=VECTOR('',#1699,1000.);
#493=VECTOR('',#1700,1000.);
#494=VECTOR('',#1701,1000.);
#495=VECTOR('',#1702,1000.);
#496=VECTOR('',#1707,1000.);
#497=VECTOR('',#1708,1000.);
#498=VECTOR('',#1711,1000.);
#499=VECTOR('',#1714,1000.);
#500=VECTOR('',#1719,1000.);
#501=VECTOR('',#1722,1000.);
#502=VECTOR('',#1727,1000.);
#503=VECTOR('',#1728,1000.);
#504=VECTOR('',#1729,1000.);
#505=VECTOR('',#1732,1000.);
#506=VECTOR('',#1733,1000.);
#507=VECTOR('',#1736,1000.);
#508=VECTOR('',#1737,1000.);
#509=VECTOR('',#1740,1000.);
#510=VECTOR('',#1743,1000.);
#511=VECTOR('',#1744,1000.);
#512=VECTOR('',#1745,1000.);
#513=VECTOR('',#1746,1000.);
#514=VECTOR('',#1749,1000.);
#515=VECTOR('',#1750,1000.);
#516=VECTOR('',#1753,1000.);
#517=VECTOR('',#1756,1000.);
#518=VECTOR('',#1761,1000.);
#519=VECTOR('',#1762,1000.);
#520=VECTOR('',#1763,1000.);
#521=VECTOR('',#1766,1000.);
#522=VECTOR('',#1767,1000.);
#523=VECTOR('',#1770,1000.);
#524=VECTOR('',#1771,1000.);
#525=VECTOR('',#1774,1000.);
#526=VECTOR('',#1777,1000.);
#527=VECTOR('',#1778,1000.);
#528=VECTOR('',#1779,1000.);
#529=VECTOR('',#1780,1000.);
#530=VECTOR('',#1783,1000.);
#531=VECTOR('',#1784,1000.);
#532=VECTOR('',#1787,1000.);
#533=VECTOR('',#1790,1000.);
#534=VECTOR('',#1795,1000.);
#535=VECTOR('',#1796,1000.);
#536=VECTOR('',#1797,1000.);
#537=VECTOR('',#1800,1000.);
#538=VECTOR('',#1801,1000.);
#539=VECTOR('',#1804,1000.);
#540=VECTOR('',#1805,1000.);
#541=VECTOR('',#1808,1000.);
#542=VECTOR('',#1811,1000.);
#543=VECTOR('',#1812,1000.);
#544=VECTOR('',#1813,1000.);
#545=VECTOR('',#1814,1000.);
#546=VECTOR('',#1817,1000.);
#547=VECTOR('',#1818,1000.);
#548=VECTOR('',#1821,1000.);
#549=VECTOR('',#1824,1000.);
#550=VECTOR('',#1829,1000.);
#551=VECTOR('',#1830,1000.);
#552=VECTOR('',#1831,1000.);
#553=VECTOR('',#1834,1000.);
#554=VECTOR('',#1835,1000.);
#555=VECTOR('',#1838,1000.);
#556=VECTOR('',#1839,1000.);
#557=VECTOR('',#1842,1000.);
#558=VECTOR('',#1845,1000.);
#559=VECTOR('',#1846,1000.);
#560=VECTOR('',#1847,1000.);
#561=VECTOR('',#1848,1000.);
#562=VECTOR('',#1851,1000.);
#563=VECTOR('',#1852,1000.);
#564=VECTOR('',#1855,1000.);
#565=VECTOR('',#1858,1000.);
#566=VECTOR('',#1869,2.47893849329948);
#567=VECTOR('',#1874,4.39194754832971);
#568=VECTOR('',#1879,4.39194754832968);
#569=VECTOR('',#1886,6.80000000000001);
#570=VECTOR('',#1893,7.);
#571=VECTOR('',#1896,6.25);
#572=VECTOR('',#1905,10.);
#573=VECTOR('',#1906,10.);
#574=VECTOR('',#1907,10.);
#575=VECTOR('',#1908,10.);
#576=VECTOR('',#1911,1000.);
#577=VECTOR('',#1912,1000.);
#578=VECTOR('',#1913,10.);
#579=VECTOR('',#1916,1000.);
#580=VECTOR('',#1917,1000.);
#581=VECTOR('',#1918,1000.);
#582=VECTOR('',#1921,1000.);
#583=VECTOR('',#1932,1000.);
#584=VECTOR('',#1935,1.);
#585=VECTOR('',#1940,1.);
#586=VECTOR('',#1945,1.);
#587=VECTOR('',#1950,1.);
#588=VECTOR('',#1957,1000.);
#589=VECTOR('',#1958,1000.);
#590=VECTOR('',#1959,1000.);
#591=VECTOR('',#1960,1000.);
#592=VECTOR('',#1961,1000.);
#593=VECTOR('',#1964,1000.);
#594=VECTOR('',#1965,1000.);
#595=VECTOR('',#1966,1000.);
#596=VECTOR('',#1967,1000.);
#597=VECTOR('',#1968,1000.);
#598=VECTOR('',#1977,1000.);
#599=VECTOR('',#1978,10.);
#600=VECTOR('',#1979,10.);
#601=VECTOR('',#1982,10.);
#602=VECTOR('',#1983,10.);
#603=VECTOR('',#1986,10.);
#604=VECTOR('',#1987,10.);
#605=VECTOR('',#1988,10.);
#606=VECTOR('',#1991,10.);
#607=VECTOR('',#1992,1000.);
#608=VECTOR('',#1995,10.);
#609=VECTOR('',#1996,10.);
#610=VECTOR('',#1997,10.);
#611=VECTOR('',#2000,10.);
#612=VECTOR('',#2001,2.1);
#613=VECTOR('',#2004,1000.);
#614=VECTOR('',#2005,10.);
#615=VECTOR('',#2006,10.);
#616=VECTOR('',#2009,10.);
#617=VECTOR('',#2010,10.);
#618=VECTOR('',#2019,10.);
#619=VECTOR('',#2020,10.);
#620=VECTOR('',#2035,0.750000000000002);
#621=VECTOR('',#2040,0.750000000000002);
#622=VERTEX_POINT('',#2051);
#623=VERTEX_POINT('',#2052);
#624=VERTEX_POINT('',#2054);
#625=VERTEX_POINT('',#2056);
#626=VERTEX_POINT('',#2058);
#627=VERTEX_POINT('',#2060);
#628=VERTEX_POINT('',#2062);
#629=VERTEX_POINT('',#2064);
#630=VERTEX_POINT('',#2067);
#631=VERTEX_POINT('',#2068);
#632=VERTEX_POINT('',#2070);
#633=VERTEX_POINT('',#2072);
#634=VERTEX_POINT('',#2075);
#635=VERTEX_POINT('',#2076);
#636=VERTEX_POINT('',#2078);
#637=VERTEX_POINT('',#2080);
#638=VERTEX_POINT('',#2083);
#639=VERTEX_POINT('',#2084);
#640=VERTEX_POINT('',#2086);
#641=VERTEX_POINT('',#2088);
#642=VERTEX_POINT('',#2091);
#643=VERTEX_POINT('',#2092);
#644=VERTEX_POINT('',#2094);
#645=VERTEX_POINT('',#2096);
#646=VERTEX_POINT('',#2100);
#647=VERTEX_POINT('',#2101);
#648=VERTEX_POINT('',#2103);
#649=VERTEX_POINT('',#2105);
#650=VERTEX_POINT('',#2109);
#651=VERTEX_POINT('',#2111);
#652=VERTEX_POINT('',#2115);
#653=VERTEX_POINT('',#2117);
#654=VERTEX_POINT('',#2121);
#655=VERTEX_POINT('',#2125);
#656=VERTEX_POINT('',#2129);
#657=VERTEX_POINT('',#2131);
#658=VERTEX_POINT('',#2133);
#659=VERTEX_POINT('',#2135);
#660=VERTEX_POINT('',#2137);
#661=VERTEX_POINT('',#2139);
#662=VERTEX_POINT('',#2157);
#663=VERTEX_POINT('',#2159);
#664=VERTEX_POINT('',#2163);
#665=VERTEX_POINT('',#2167);
#666=VERTEX_POINT('',#2173);
#667=VERTEX_POINT('',#2174);
#668=VERTEX_POINT('',#2176);
#669=VERTEX_POINT('',#2178);
#670=VERTEX_POINT('',#2190);
#671=VERTEX_POINT('',#2192);
#672=VERTEX_POINT('',#2196);
#673=VERTEX_POINT('',#2200);
#674=VERTEX_POINT('',#2206);
#675=VERTEX_POINT('',#2207);
#676=VERTEX_POINT('',#2209);
#677=VERTEX_POINT('',#2211);
#678=VERTEX_POINT('',#2223);
#679=VERTEX_POINT('',#2225);
#680=VERTEX_POINT('',#2229);
#681=VERTEX_POINT('',#2233);
#682=VERTEX_POINT('',#2239);
#683=VERTEX_POINT('',#2240);
#684=VERTEX_POINT('',#2242);
#685=VERTEX_POINT('',#2244);
#686=VERTEX_POINT('',#2256);
#687=VERTEX_POINT('',#2258);
#688=VERTEX_POINT('',#2262);
#689=VERTEX_POINT('',#2266);
#690=VERTEX_POINT('',#2272);
#691=VERTEX_POINT('',#2273);
#692=VERTEX_POINT('',#2275);
#693=VERTEX_POINT('',#2277);
#694=VERTEX_POINT('',#2289);
#695=VERTEX_POINT('',#2291);
#696=VERTEX_POINT('',#2294);
#697=VERTEX_POINT('',#2298);
#698=VERTEX_POINT('',#2302);
#699=VERTEX_POINT('',#2306);
#700=VERTEX_POINT('',#2308);
#701=VERTEX_POINT('',#2312);
#702=VERTEX_POINT('',#2316);
#703=VERTEX_POINT('',#2322);
#704=VERTEX_POINT('',#2323);
#705=VERTEX_POINT('',#2325);
#706=VERTEX_POINT('',#2327);
#707=VERTEX_POINT('',#2331);
#708=VERTEX_POINT('',#2333);
#709=VERTEX_POINT('',#2337);
#710=VERTEX_POINT('',#2339);
#711=VERTEX_POINT('',#2344);
#712=VERTEX_POINT('',#2346);
#713=VERTEX_POINT('',#2348);
#714=VERTEX_POINT('',#2350);
#715=VERTEX_POINT('',#2355);
#716=VERTEX_POINT('',#2359);
#717=VERTEX_POINT('',#2363);
#718=VERTEX_POINT('',#2367);
#719=VERTEX_POINT('',#2372);
#720=VERTEX_POINT('',#2373);
#721=VERTEX_POINT('',#2375);
#722=VERTEX_POINT('',#2377);
#723=VERTEX_POINT('',#2379);
#724=VERTEX_POINT('',#2381);
#725=VERTEX_POINT('',#2383);
#726=VERTEX_POINT('',#2385);
#727=VERTEX_POINT('',#2387);
#728=VERTEX_POINT('',#2389);
#729=VERTEX_POINT('',#2391);
#730=VERTEX_POINT('',#2393);
#731=VERTEX_POINT('',#2396);
#732=VERTEX_POINT('',#2398);
#733=VERTEX_POINT('',#2401);
#734=VERTEX_POINT('',#2403);
#735=VERTEX_POINT('',#2407);
#736=VERTEX_POINT('',#2411);
#737=VERTEX_POINT('',#2413);
#738=VERTEX_POINT('',#2417);
#739=VERTEX_POINT('',#2421);
#740=VERTEX_POINT('',#2423);
#741=VERTEX_POINT('',#2427);
#742=VERTEX_POINT('',#2431);
#743=VERTEX_POINT('',#2433);
#744=VERTEX_POINT('',#2437);
#745=VERTEX_POINT('',#2446);
#746=VERTEX_POINT('',#2448);
#747=VERTEX_POINT('',#2454);
#748=VERTEX_POINT('',#2458);
#749=EDGE_CURVE('',#622,#623,#278,.T.);
#750=EDGE_CURVE('',#622,#624,#279,.T.);
#751=EDGE_CURVE('',#624,#625,#280,.T.);
#752=EDGE_CURVE('',#626,#625,#281,.T.);
#753=EDGE_CURVE('',#627,#626,#282,.T.);
#754=EDGE_CURVE('',#628,#627,#283,.T.);
#755=EDGE_CURVE('',#629,#628,#284,.T.);
#756=EDGE_CURVE('',#629,#623,#285,.T.);
#757=EDGE_CURVE('',#630,#631,#286,.T.);
#758=EDGE_CURVE('',#632,#630,#287,.T.);
#759=EDGE_CURVE('',#633,#632,#288,.T.);
#760=EDGE_CURVE('',#631,#633,#289,.T.);
#761=EDGE_CURVE('',#634,#635,#290,.T.);
#762=EDGE_CURVE('',#636,#634,#291,.T.);
#763=EDGE_CURVE('',#637,#636,#292,.T.);
#764=EDGE_CURVE('',#635,#637,#293,.T.);
#765=EDGE_CURVE('',#638,#639,#294,.T.);
#766=EDGE_CURVE('',#640,#638,#295,.T.);
#767=EDGE_CURVE('',#641,#640,#296,.T.);
#768=EDGE_CURVE('',#639,#641,#297,.T.);
#769=EDGE_CURVE('',#642,#643,#298,.T.);
#770=EDGE_CURVE('',#644,#642,#299,.T.);
#771=EDGE_CURVE('',#645,#644,#300,.T.);
#772=EDGE_CURVE('',#643,#645,#301,.T.);
#773=EDGE_CURVE('',#646,#647,#302,.T.);
#774=EDGE_CURVE('',#648,#647,#303,.T.);
#775=EDGE_CURVE('',#649,#648,#304,.T.);
#776=EDGE_CURVE('',#649,#646,#305,.T.);
#777=EDGE_CURVE('',#647,#650,#306,.T.);
#778=EDGE_CURVE('',#651,#650,#307,.T.);
#779=EDGE_CURVE('',#648,#651,#308,.T.);
#780=EDGE_CURVE('',#650,#652,#309,.T.);
#781=EDGE_CURVE('',#653,#652,#310,.T.);
#782=EDGE_CURVE('',#651,#653,#311,.T.);
#783=EDGE_CURVE('',#628,#654,#312,.T.);
#784=EDGE_CURVE('',#653,#654,#313,.T.);
#785=EDGE_CURVE('',#652,#646,#314,.T.);
#786=EDGE_CURVE('',#655,#649,#315,.T.);
#787=EDGE_CURVE('',#629,#655,#316,.T.);
#788=EDGE_CURVE('',#656,#654,#317,.T.);
#789=EDGE_CURVE('',#657,#656,#318,.T.);
#790=EDGE_CURVE('',#658,#657,#319,.T.);
#791=EDGE_CURVE('',#658,#659,#320,.T.);
#792=EDGE_CURVE('',#659,#660,#321,.T.);
#793=EDGE_CURVE('',#661,#660,#322,.T.);
#794=EDGE_CURVE('',#661,#655,#323,.T.);
#795=EDGE_CURVE('',#624,#659,#324,.T.);
#796=EDGE_CURVE('',#625,#658,#325,.T.);
#797=EDGE_CURVE('',#626,#657,#326,.T.);
#798=EDGE_CURVE('',#627,#656,#327,.T.);
#799=EDGE_CURVE('',#623,#661,#328,.T.);
#800=EDGE_CURVE('',#622,#660,#329,.T.);
#801=EDGE_CURVE('',#662,#643,#330,.T.);
#802=EDGE_CURVE('',#662,#663,#331,.T.);
#803=EDGE_CURVE('',#663,#642,#332,.T.);
#804=EDGE_CURVE('',#664,#645,#333,.T.);
#805=EDGE_CURVE('',#664,#662,#334,.T.);
#806=EDGE_CURVE('',#665,#644,#335,.T.);
#807=EDGE_CURVE('',#665,#664,#336,.T.);
#808=EDGE_CURVE('',#663,#665,#337,.T.);
#809=EDGE_CURVE('',#666,#667,#338,.T.);
#810=EDGE_CURVE('',#667,#668,#339,.T.);
#811=EDGE_CURVE('',#668,#669,#340,.T.);
#812=EDGE_CURVE('',#669,#666,#341,.T.);
#813=EDGE_CURVE('',#663,#669,#342,.T.);
#814=EDGE_CURVE('',#666,#662,#343,.T.);
#815=EDGE_CURVE('',#667,#664,#344,.T.);
#816=EDGE_CURVE('',#665,#668,#345,.T.);
#817=EDGE_CURVE('',#670,#639,#346,.T.);
#818=EDGE_CURVE('',#670,#671,#347,.T.);
#819=EDGE_CURVE('',#671,#638,#348,.T.);
#820=EDGE_CURVE('',#672,#641,#349,.T.);
#821=EDGE_CURVE('',#672,#670,#350,.T.);
#822=EDGE_CURVE('',#673,#640,#351,.T.);
#823=EDGE_CURVE('',#673,#672,#352,.T.);
#824=EDGE_CURVE('',#671,#673,#353,.T.);
#825=EDGE_CURVE('',#674,#675,#354,.T.);
#826=EDGE_CURVE('',#675,#676,#355,.T.);
#827=EDGE_CURVE('',#676,#677,#356,.T.);
#828=EDGE_CURVE('',#677,#674,#357,.T.);
#829=EDGE_CURVE('',#671,#677,#358,.T.);
#830=EDGE_CURVE('',#674,#670,#359,.T.);
#831=EDGE_CURVE('',#675,#672,#360,.T.);
#832=EDGE_CURVE('',#673,#676,#361,.T.);
#833=EDGE_CURVE('',#678,#635,#362,.T.);
#834=EDGE_CURVE('',#678,#679,#363,.T.);
#835=EDGE_CURVE('',#679,#634,#364,.T.);
#836=EDGE_CURVE('',#680,#637,#365,.T.);
#837=EDGE_CURVE('',#680,#678,#366,.T.);
#838=EDGE_CURVE('',#681,#636,#367,.T.);
#839=EDGE_CURVE('',#681,#680,#368,.T.);
#840=EDGE_CURVE('',#679,#681,#369,.T.);
#841=EDGE_CURVE('',#682,#683,#370,.T.);
#842=EDGE_CURVE('',#683,#684,#371,.T.);
#843=EDGE_CURVE('',#684,#685,#372,.T.);
#844=EDGE_CURVE('',#685,#682,#373,.T.);
#845=EDGE_CURVE('',#679,#685,#374,.T.);
#846=EDGE_CURVE('',#682,#678,#375,.T.);
#847=EDGE_CURVE('',#683,#680,#376,.T.);
#848=EDGE_CURVE('',#681,#684,#377,.T.);
#849=EDGE_CURVE('',#686,#631,#378,.T.);
#850=EDGE_CURVE('',#686,#687,#379,.T.);
#851=EDGE_CURVE('',#687,#630,#380,.T.);
#852=EDGE_CURVE('',#688,#633,#381,.T.);
#853=EDGE_CURVE('',#688,#686,#382,.T.);
#854=EDGE_CURVE('',#689,#632,#383,.T.);
#855=EDGE_CURVE('',#689,#688,#384,.T.);
#856=EDGE_CURVE('',#687,#689,#385,.T.);
#857=EDGE_CURVE('',#690,#691,#386,.T.);
#858=EDGE_CURVE('',#691,#692,#387,.T.);
#859=EDGE_CURVE('',#692,#693,#388,.T.);
#860=EDGE_CURVE('',#693,#690,#389,.T.);
#861=EDGE_CURVE('',#687,#693,#390,.T.);
#862=EDGE_CURVE('',#690,#686,#391,.T.);
#863=EDGE_CURVE('',#691,#688,#392,.T.);
#864=EDGE_CURVE('',#689,#692,#393,.T.);
#865=EDGE_CURVE('',#694,#694,#29,.T.);
#866=EDGE_CURVE('',#695,#695,#30,.T.);
#867=EDGE_CURVE('',#695,#696,#394,.T.);
#868=EDGE_CURVE('',#696,#696,#31,.T.);
#869=EDGE_CURVE('',#696,#697,#395,.T.);
#870=EDGE_CURVE('',#697,#697,#32,.T.);
#871=EDGE_CURVE('',#697,#698,#396,.T.);
#872=EDGE_CURVE('',#698,#698,#33,.T.);
#873=EDGE_CURVE('',#699,#699,#34,.T.);
#874=EDGE_CURVE('',#699,#700,#397,.T.);
#875=EDGE_CURVE('',#700,#700,#35,.T.);
#876=EDGE_CURVE('',#701,#701,#36,.T.);
#877=EDGE_CURVE('',#701,#699,#398,.T.);
#878=EDGE_CURVE('',#694,#702,#399,.T.);
#879=EDGE_CURVE('',#702,#702,#37,.T.);
#880=EDGE_CURVE('',#703,#704,#400,.T.);
#881=EDGE_CURVE('',#704,#705,#401,.T.);
#882=EDGE_CURVE('',#705,#706,#402,.T.);
#883=EDGE_CURVE('',#706,#703,#403,.T.);
#884=EDGE_CURVE('',#704,#707,#404,.T.);
#885=EDGE_CURVE('',#707,#708,#405,.T.);
#886=EDGE_CURVE('',#708,#705,#406,.T.);
#887=EDGE_CURVE('',#703,#709,#407,.T.);
#888=EDGE_CURVE('',#706,#710,#408,.T.);
#889=EDGE_CURVE('',#709,#710,#409,.T.);
#890=EDGE_CURVE('',#709,#707,#410,.T.);
#891=EDGE_CURVE('',#711,#711,#38,.T.);
#892=EDGE_CURVE('',#712,#712,#39,.T.);
#893=EDGE_CURVE('',#713,#713,#40,.T.);
#894=EDGE_CURVE('',#714,#714,#41,.T.);
#895=EDGE_CURVE('',#710,#708,#411,.T.);
#896=EDGE_CURVE('',#713,#715,#412,.T.);
#897=EDGE_CURVE('',#715,#715,#42,.T.);
#898=EDGE_CURVE('',#714,#716,#413,.T.);
#899=EDGE_CURVE('',#716,#716,#43,.T.);
#900=EDGE_CURVE('',#712,#717,#414,.T.);
#901=EDGE_CURVE('',#717,#717,#44,.T.);
#902=EDGE_CURVE('',#711,#718,#415,.T.);
#903=EDGE_CURVE('',#718,#718,#45,.T.);
#904=EDGE_CURVE('',#719,#720,#416,.T.);
#905=EDGE_CURVE('',#721,#719,#417,.T.);
#906=EDGE_CURVE('',#722,#721,#418,.T.);
#907=EDGE_CURVE('',#723,#722,#419,.T.);
#908=EDGE_CURVE('',#724,#723,#420,.T.);
#909=EDGE_CURVE('',#725,#724,#46,.T.);
#910=EDGE_CURVE('',#726,#725,#421,.T.);
#911=EDGE_CURVE('',#727,#726,#422,.T.);
#912=EDGE_CURVE('',#728,#727,#423,.T.);
#913=EDGE_CURVE('',#729,#728,#424,.T.);
#914=EDGE_CURVE('',#730,#729,#425,.T.);
#915=EDGE_CURVE('',#720,#730,#47,.T.);
#916=EDGE_CURVE('',#731,#731,#48,.T.);
#917=EDGE_CURVE('',#732,#732,#49,.T.);
#918=EDGE_CURVE('',#733,#725,#426,.T.);
#919=EDGE_CURVE('',#734,#733,#427,.T.);
#920=EDGE_CURVE('',#734,#726,#428,.T.);
#921=EDGE_CURVE('',#734,#735,#429,.T.);
#922=EDGE_CURVE('',#735,#727,#430,.T.);
#923=EDGE_CURVE('',#722,#736,#431,.T.);
#924=EDGE_CURVE('',#736,#737,#432,.T.);
#925=EDGE_CURVE('',#737,#723,#433,.T.);
#926=EDGE_CURVE('',#738,#737,#434,.T.);
#927=EDGE_CURVE('',#738,#724,#435,.T.);
#928=EDGE_CURVE('',#739,#728,#436,.T.);
#929=EDGE_CURVE('',#740,#739,#437,.T.);
#930=EDGE_CURVE('',#740,#729,#438,.T.);
#931=EDGE_CURVE('',#741,#740,#439,.T.);
#932=EDGE_CURVE('',#741,#730,#440,.T.);
#933=EDGE_CURVE('',#742,#720,#441,.T.);
#934=EDGE_CURVE('',#743,#742,#442,.T.);
#935=EDGE_CURVE('',#743,#719,#443,.T.);
#936=EDGE_CURVE('',#744,#743,#444,.T.);
#937=EDGE_CURVE('',#721,#744,#445,.T.);
#938=EDGE_CURVE('',#742,#741,#50,.T.);
#939=EDGE_CURVE('',#733,#738,#51,.T.);
#940=EDGE_CURVE('',#736,#744,#446,.T.);
#941=EDGE_CURVE('',#735,#739,#447,.T.);
#942=EDGE_CURVE('',#745,#745,#52,.T.);
#943=EDGE_CURVE('',#746,#746,#53,.T.);
#944=EDGE_CURVE('',#747,#747,#54,.T.);
#945=EDGE_CURVE('',#747,#732,#448,.T.);
#946=EDGE_CURVE('',#748,#748,#55,.T.);
#947=EDGE_CURVE('',#748,#731,#449,.T.);
#948=EDGE_CURVE('',#745,#748,#56,.T.);
#949=EDGE_CURVE('',#746,#747,#57,.T.);
#950=ORIENTED_EDGE('',*,*,#749,.F.);
#951=ORIENTED_EDGE('',*,*,#750,.T.);
#952=ORIENTED_EDGE('',*,*,#751,.T.);
#953=ORIENTED_EDGE('',*,*,#752,.F.);
#954=ORIENTED_EDGE('',*,*,#753,.F.);
#955=ORIENTED_EDGE('',*,*,#754,.F.);
#956=ORIENTED_EDGE('',*,*,#755,.F.);
#957=ORIENTED_EDGE('',*,*,#756,.T.);
#958=ORIENTED_EDGE('',*,*,#757,.F.);
#959=ORIENTED_EDGE('',*,*,#758,.F.);
#960=ORIENTED_EDGE('',*,*,#759,.F.);
#961=ORIENTED_EDGE('',*,*,#760,.F.);
#962=ORIENTED_EDGE('',*,*,#761,.F.);
#963=ORIENTED_EDGE('',*,*,#762,.F.);
#964=ORIENTED_EDGE('',*,*,#763,.F.);
#965=ORIENTED_EDGE('',*,*,#764,.F.);
#966=ORIENTED_EDGE('',*,*,#765,.F.);
#967=ORIENTED_EDGE('',*,*,#766,.F.);
#968=ORIENTED_EDGE('',*,*,#767,.F.);
#969=ORIENTED_EDGE('',*,*,#768,.F.);
#970=ORIENTED_EDGE('',*,*,#769,.F.);
#971=ORIENTED_EDGE('',*,*,#770,.F.);
#972=ORIENTED_EDGE('',*,*,#771,.F.);
#973=ORIENTED_EDGE('',*,*,#772,.F.);
#974=ORIENTED_EDGE('',*,*,#773,.T.);
#975=ORIENTED_EDGE('',*,*,#774,.F.);
#976=ORIENTED_EDGE('',*,*,#775,.F.);
#977=ORIENTED_EDGE('',*,*,#776,.T.);
#978=ORIENTED_EDGE('',*,*,#777,.T.);
#979=ORIENTED_EDGE('',*,*,#778,.F.);
#980=ORIENTED_EDGE('',*,*,#779,.F.);
#981=ORIENTED_EDGE('',*,*,#774,.T.);
#982=ORIENTED_EDGE('',*,*,#780,.T.);
#983=ORIENTED_EDGE('',*,*,#781,.F.);
#984=ORIENTED_EDGE('',*,*,#782,.F.);
#985=ORIENTED_EDGE('',*,*,#778,.T.);
#986=ORIENTED_EDGE('',*,*,#755,.T.);
#987=ORIENTED_EDGE('',*,*,#783,.T.);
#988=ORIENTED_EDGE('',*,*,#784,.F.);
#989=ORIENTED_EDGE('',*,*,#781,.T.);
#990=ORIENTED_EDGE('',*,*,#785,.T.);
#991=ORIENTED_EDGE('',*,*,#776,.F.);
#992=ORIENTED_EDGE('',*,*,#786,.F.);
#993=ORIENTED_EDGE('',*,*,#787,.F.);
#994=ORIENTED_EDGE('',*,*,#788,.F.);
#995=ORIENTED_EDGE('',*,*,#789,.F.);
#996=ORIENTED_EDGE('',*,*,#790,.F.);
#997=ORIENTED_EDGE('',*,*,#791,.T.);
#998=ORIENTED_EDGE('',*,*,#792,.T.);
#999=ORIENTED_EDGE('',*,*,#793,.F.);
#1000=ORIENTED_EDGE('',*,*,#794,.T.);
#1001=ORIENTED_EDGE('',*,*,#786,.T.);
#1002=ORIENTED_EDGE('',*,*,#775,.T.);
#1003=ORIENTED_EDGE('',*,*,#779,.T.);
#1004=ORIENTED_EDGE('',*,*,#782,.T.);
#1005=ORIENTED_EDGE('',*,*,#784,.T.);
#1006=ORIENTED_EDGE('',*,*,#773,.F.);
#1007=ORIENTED_EDGE('',*,*,#785,.F.);
#1008=ORIENTED_EDGE('',*,*,#780,.F.);
#1009=ORIENTED_EDGE('',*,*,#777,.F.);
#1010=ORIENTED_EDGE('',*,*,#795,.T.);
#1011=ORIENTED_EDGE('',*,*,#791,.F.);
#1012=ORIENTED_EDGE('',*,*,#796,.F.);
#1013=ORIENTED_EDGE('',*,*,#751,.F.);
#1014=ORIENTED_EDGE('',*,*,#752,.T.);
#1015=ORIENTED_EDGE('',*,*,#796,.T.);
#1016=ORIENTED_EDGE('',*,*,#790,.T.);
#1017=ORIENTED_EDGE('',*,*,#797,.F.);
#1018=ORIENTED_EDGE('',*,*,#753,.T.);
#1019=ORIENTED_EDGE('',*,*,#797,.T.);
#1020=ORIENTED_EDGE('',*,*,#789,.T.);
#1021=ORIENTED_EDGE('',*,*,#798,.F.);
#1022=ORIENTED_EDGE('',*,*,#754,.T.);
#1023=ORIENTED_EDGE('',*,*,#798,.T.);
#1024=ORIENTED_EDGE('',*,*,#788,.T.);
#1025=ORIENTED_EDGE('',*,*,#783,.F.);
#1026=ORIENTED_EDGE('',*,*,#787,.T.);
#1027=ORIENTED_EDGE('',*,*,#794,.F.);
#1028=ORIENTED_EDGE('',*,*,#799,.F.);
#1029=ORIENTED_EDGE('',*,*,#756,.F.);
#1030=ORIENTED_EDGE('',*,*,#749,.T.);
#1031=ORIENTED_EDGE('',*,*,#799,.T.);
#1032=ORIENTED_EDGE('',*,*,#793,.T.);
#1033=ORIENTED_EDGE('',*,*,#800,.F.);
#1034=ORIENTED_EDGE('',*,*,#800,.T.);
#1035=ORIENTED_EDGE('',*,*,#792,.F.);
#1036=ORIENTED_EDGE('',*,*,#795,.F.);
#1037=ORIENTED_EDGE('',*,*,#750,.F.);
#1038=ORIENTED_EDGE('',*,*,#801,.F.);
#1039=ORIENTED_EDGE('',*,*,#802,.T.);
#1040=ORIENTED_EDGE('',*,*,#803,.T.);
#1041=ORIENTED_EDGE('',*,*,#769,.T.);
#1042=ORIENTED_EDGE('',*,*,#804,.F.);
#1043=ORIENTED_EDGE('',*,*,#805,.T.);
#1044=ORIENTED_EDGE('',*,*,#801,.T.);
#1045=ORIENTED_EDGE('',*,*,#772,.T.);
#1046=ORIENTED_EDGE('',*,*,#806,.F.);
#1047=ORIENTED_EDGE('',*,*,#807,.T.);
#1048=ORIENTED_EDGE('',*,*,#804,.T.);
#1049=ORIENTED_EDGE('',*,*,#771,.T.);
#1050=ORIENTED_EDGE('',*,*,#803,.F.);
#1051=ORIENTED_EDGE('',*,*,#808,.T.);
#1052=ORIENTED_EDGE('',*,*,#806,.T.);
#1053=ORIENTED_EDGE('',*,*,#770,.T.);
#1054=ORIENTED_EDGE('',*,*,#809,.T.);
#1055=ORIENTED_EDGE('',*,*,#810,.T.);
#1056=ORIENTED_EDGE('',*,*,#811,.T.);
#1057=ORIENTED_EDGE('',*,*,#812,.T.);
#1058=ORIENTED_EDGE('',*,*,#813,.F.);
#1059=ORIENTED_EDGE('',*,*,#802,.F.);
#1060=ORIENTED_EDGE('',*,*,#814,.F.);
#1061=ORIENTED_EDGE('',*,*,#812,.F.);
#1062=ORIENTED_EDGE('',*,*,#814,.T.);
#1063=ORIENTED_EDGE('',*,*,#805,.F.);
#1064=ORIENTED_EDGE('',*,*,#815,.F.);
#1065=ORIENTED_EDGE('',*,*,#809,.F.);
#1066=ORIENTED_EDGE('',*,*,#813,.T.);
#1067=ORIENTED_EDGE('',*,*,#811,.F.);
#1068=ORIENTED_EDGE('',*,*,#816,.F.);
#1069=ORIENTED_EDGE('',*,*,#808,.F.);
#1070=ORIENTED_EDGE('',*,*,#815,.T.);
#1071=ORIENTED_EDGE('',*,*,#807,.F.);
#1072=ORIENTED_EDGE('',*,*,#816,.T.);
#1073=ORIENTED_EDGE('',*,*,#810,.F.);
#1074=ORIENTED_EDGE('',*,*,#817,.F.);
#1075=ORIENTED_EDGE('',*,*,#818,.T.);
#1076=ORIENTED_EDGE('',*,*,#819,.T.);
#1077=ORIENTED_EDGE('',*,*,#765,.T.);
#1078=ORIENTED_EDGE('',*,*,#820,.F.);
#1079=ORIENTED_EDGE('',*,*,#821,.T.);
#1080=ORIENTED_EDGE('',*,*,#817,.T.);
#1081=ORIENTED_EDGE('',*,*,#768,.T.);
#1082=ORIENTED_EDGE('',*,*,#822,.F.);
#1083=ORIENTED_EDGE('',*,*,#823,.T.);
#1084=ORIENTED_EDGE('',*,*,#820,.T.);
#1085=ORIENTED_EDGE('',*,*,#767,.T.);
#1086=ORIENTED_EDGE('',*,*,#819,.F.);
#1087=ORIENTED_EDGE('',*,*,#824,.T.);
#1088=ORIENTED_EDGE('',*,*,#822,.T.);
#1089=ORIENTED_EDGE('',*,*,#766,.T.);
#1090=ORIENTED_EDGE('',*,*,#825,.T.);
#1091=ORIENTED_EDGE('',*,*,#826,.T.);
#1092=ORIENTED_EDGE('',*,*,#827,.T.);
#1093=ORIENTED_EDGE('',*,*,#828,.T.);
#1094=ORIENTED_EDGE('',*,*,#829,.F.);
#1095=ORIENTED_EDGE('',*,*,#818,.F.);
#1096=ORIENTED_EDGE('',*,*,#830,.F.);
#1097=ORIENTED_EDGE('',*,*,#828,.F.);
#1098=ORIENTED_EDGE('',*,*,#830,.T.);
#1099=ORIENTED_EDGE('',*,*,#821,.F.);
#1100=ORIENTED_EDGE('',*,*,#831,.F.);
#1101=ORIENTED_EDGE('',*,*,#825,.F.);
#1102=ORIENTED_EDGE('',*,*,#829,.T.);
#1103=ORIENTED_EDGE('',*,*,#827,.F.);
#1104=ORIENTED_EDGE('',*,*,#832,.F.);
#1105=ORIENTED_EDGE('',*,*,#824,.F.);
#1106=ORIENTED_EDGE('',*,*,#831,.T.);
#1107=ORIENTED_EDGE('',*,*,#823,.F.);
#1108=ORIENTED_EDGE('',*,*,#832,.T.);
#1109=ORIENTED_EDGE('',*,*,#826,.F.);
#1110=ORIENTED_EDGE('',*,*,#833,.F.);
#1111=ORIENTED_EDGE('',*,*,#834,.T.);
#1112=ORIENTED_EDGE('',*,*,#835,.T.);
#1113=ORIENTED_EDGE('',*,*,#761,.T.);
#1114=ORIENTED_EDGE('',*,*,#836,.F.);
#1115=ORIENTED_EDGE('',*,*,#837,.T.);
#1116=ORIENTED_EDGE('',*,*,#833,.T.);
#1117=ORIENTED_EDGE('',*,*,#764,.T.);
#1118=ORIENTED_EDGE('',*,*,#838,.F.);
#1119=ORIENTED_EDGE('',*,*,#839,.T.);
#1120=ORIENTED_EDGE('',*,*,#836,.T.);
#1121=ORIENTED_EDGE('',*,*,#763,.T.);
#1122=ORIENTED_EDGE('',*,*,#835,.F.);
#1123=ORIENTED_EDGE('',*,*,#840,.T.);
#1124=ORIENTED_EDGE('',*,*,#838,.T.);
#1125=ORIENTED_EDGE('',*,*,#762,.T.);
#1126=ORIENTED_EDGE('',*,*,#841,.T.);
#1127=ORIENTED_EDGE('',*,*,#842,.T.);
#1128=ORIENTED_EDGE('',*,*,#843,.T.);
#1129=ORIENTED_EDGE('',*,*,#844,.T.);
#1130=ORIENTED_EDGE('',*,*,#845,.F.);
#1131=ORIENTED_EDGE('',*,*,#834,.F.);
#1132=ORIENTED_EDGE('',*,*,#846,.F.);
#1133=ORIENTED_EDGE('',*,*,#844,.F.);
#1134=ORIENTED_EDGE('',*,*,#846,.T.);
#1135=ORIENTED_EDGE('',*,*,#837,.F.);
#1136=ORIENTED_EDGE('',*,*,#847,.F.);
#1137=ORIENTED_EDGE('',*,*,#841,.F.);
#1138=ORIENTED_EDGE('',*,*,#845,.T.);
#1139=ORIENTED_EDGE('',*,*,#843,.F.);
#1140=ORIENTED_EDGE('',*,*,#848,.F.);
#1141=ORIENTED_EDGE('',*,*,#840,.F.);
#1142=ORIENTED_EDGE('',*,*,#847,.T.);
#1143=ORIENTED_EDGE('',*,*,#839,.F.);
#1144=ORIENTED_EDGE('',*,*,#848,.T.);
#1145=ORIENTED_EDGE('',*,*,#842,.F.);
#1146=ORIENTED_EDGE('',*,*,#849,.F.);
#1147=ORIENTED_EDGE('',*,*,#850,.T.);
#1148=ORIENTED_EDGE('',*,*,#851,.T.);
#1149=ORIENTED_EDGE('',*,*,#757,.T.);
#1150=ORIENTED_EDGE('',*,*,#852,.F.);
#1151=ORIENTED_EDGE('',*,*,#853,.T.);
#1152=ORIENTED_EDGE('',*,*,#849,.T.);
#1153=ORIENTED_EDGE('',*,*,#760,.T.);
#1154=ORIENTED_EDGE('',*,*,#854,.F.);
#1155=ORIENTED_EDGE('',*,*,#855,.T.);
#1156=ORIENTED_EDGE('',*,*,#852,.T.);
#1157=ORIENTED_EDGE('',*,*,#759,.T.);
#1158=ORIENTED_EDGE('',*,*,#851,.F.);
#1159=ORIENTED_EDGE('',*,*,#856,.T.);
#1160=ORIENTED_EDGE('',*,*,#854,.T.);
#1161=ORIENTED_EDGE('',*,*,#758,.T.);
#1162=ORIENTED_EDGE('',*,*,#857,.T.);
#1163=ORIENTED_EDGE('',*,*,#858,.T.);
#1164=ORIENTED_EDGE('',*,*,#859,.T.);
#1165=ORIENTED_EDGE('',*,*,#860,.T.);
#1166=ORIENTED_EDGE('',*,*,#861,.F.);
#1167=ORIENTED_EDGE('',*,*,#850,.F.);
#1168=ORIENTED_EDGE('',*,*,#862,.F.);
#1169=ORIENTED_EDGE('',*,*,#860,.F.);
#1170=ORIENTED_EDGE('',*,*,#862,.T.);
#1171=ORIENTED_EDGE('',*,*,#853,.F.);
#1172=ORIENTED_EDGE('',*,*,#863,.F.);
#1173=ORIENTED_EDGE('',*,*,#857,.F.);
#1174=ORIENTED_EDGE('',*,*,#861,.T.);
#1175=ORIENTED_EDGE('',*,*,#859,.F.);
#1176=ORIENTED_EDGE('',*,*,#864,.F.);
#1177=ORIENTED_EDGE('',*,*,#856,.F.);
#1178=ORIENTED_EDGE('',*,*,#863,.T.);
#1179=ORIENTED_EDGE('',*,*,#855,.F.);
#1180=ORIENTED_EDGE('',*,*,#864,.T.);
#1181=ORIENTED_EDGE('',*,*,#858,.F.);
#1182=ORIENTED_EDGE('',*,*,#865,.F.);
#1183=ORIENTED_EDGE('',*,*,#866,.F.);
#1184=ORIENTED_EDGE('',*,*,#866,.T.);
#1185=ORIENTED_EDGE('',*,*,#867,.T.);
#1186=ORIENTED_EDGE('',*,*,#868,.F.);
#1187=ORIENTED_EDGE('',*,*,#867,.F.);
#1188=ORIENTED_EDGE('',*,*,#868,.T.);
#1189=ORIENTED_EDGE('',*,*,#869,.T.);
#1190=ORIENTED_EDGE('',*,*,#870,.T.);
#1191=ORIENTED_EDGE('',*,*,#869,.F.);
#1192=ORIENTED_EDGE('',*,*,#870,.F.);
#1193=ORIENTED_EDGE('',*,*,#871,.T.);
#1194=ORIENTED_EDGE('',*,*,#872,.T.);
#1195=ORIENTED_EDGE('',*,*,#871,.F.);
#1196=ORIENTED_EDGE('',*,*,#873,.F.);
#1197=ORIENTED_EDGE('',*,*,#874,.T.);
#1198=ORIENTED_EDGE('',*,*,#875,.F.);
#1199=ORIENTED_EDGE('',*,*,#874,.F.);
#1200=ORIENTED_EDGE('',*,*,#876,.T.);
#1201=ORIENTED_EDGE('',*,*,#877,.T.);
#1202=ORIENTED_EDGE('',*,*,#873,.T.);
#1203=ORIENTED_EDGE('',*,*,#877,.F.);
#1204=ORIENTED_EDGE('',*,*,#865,.T.);
#1205=ORIENTED_EDGE('',*,*,#878,.T.);
#1206=ORIENTED_EDGE('',*,*,#879,.F.);
#1207=ORIENTED_EDGE('',*,*,#878,.F.);
#1208=ORIENTED_EDGE('',*,*,#876,.F.);
#1209=ORIENTED_EDGE('',*,*,#879,.T.);
#1210=ORIENTED_EDGE('',*,*,#875,.T.);
#1211=ORIENTED_EDGE('',*,*,#872,.F.);
#1212=ORIENTED_EDGE('',*,*,#880,.T.);
#1213=ORIENTED_EDGE('',*,*,#881,.T.);
#1214=ORIENTED_EDGE('',*,*,#882,.T.);
#1215=ORIENTED_EDGE('',*,*,#883,.T.);
#1216=ORIENTED_EDGE('',*,*,#884,.T.);
#1217=ORIENTED_EDGE('',*,*,#885,.T.);
#1218=ORIENTED_EDGE('',*,*,#886,.T.);
#1219=ORIENTED_EDGE('',*,*,#881,.F.);
#1220=ORIENTED_EDGE('',*,*,#887,.F.);
#1221=ORIENTED_EDGE('',*,*,#883,.F.);
#1222=ORIENTED_EDGE('',*,*,#888,.T.);
#1223=ORIENTED_EDGE('',*,*,#889,.F.);
#1224=ORIENTED_EDGE('',*,*,#880,.F.);
#1225=ORIENTED_EDGE('',*,*,#887,.T.);
#1226=ORIENTED_EDGE('',*,*,#890,.T.);
#1227=ORIENTED_EDGE('',*,*,#884,.F.);
#1228=ORIENTED_EDGE('',*,*,#891,.T.);
#1229=ORIENTED_EDGE('',*,*,#892,.T.);
#1230=ORIENTED_EDGE('',*,*,#893,.T.);
#1231=ORIENTED_EDGE('',*,*,#894,.T.);
#1232=ORIENTED_EDGE('',*,*,#890,.F.);
#1233=ORIENTED_EDGE('',*,*,#889,.T.);
#1234=ORIENTED_EDGE('',*,*,#895,.T.);
#1235=ORIENTED_EDGE('',*,*,#885,.F.);
#1236=ORIENTED_EDGE('',*,*,#893,.F.);
#1237=ORIENTED_EDGE('',*,*,#896,.T.);
#1238=ORIENTED_EDGE('',*,*,#897,.F.);
#1239=ORIENTED_EDGE('',*,*,#896,.F.);
#1240=ORIENTED_EDGE('',*,*,#894,.F.);
#1241=ORIENTED_EDGE('',*,*,#898,.T.);
#1242=ORIENTED_EDGE('',*,*,#899,.F.);
#1243=ORIENTED_EDGE('',*,*,#898,.F.);
#1244=ORIENTED_EDGE('',*,*,#892,.F.);
#1245=ORIENTED_EDGE('',*,*,#900,.T.);
#1246=ORIENTED_EDGE('',*,*,#901,.F.);
#1247=ORIENTED_EDGE('',*,*,#900,.F.);
#1248=ORIENTED_EDGE('',*,*,#891,.F.);
#1249=ORIENTED_EDGE('',*,*,#902,.T.);
#1250=ORIENTED_EDGE('',*,*,#903,.F.);
#1251=ORIENTED_EDGE('',*,*,#902,.F.);
#1252=ORIENTED_EDGE('',*,*,#886,.F.);
#1253=ORIENTED_EDGE('',*,*,#895,.F.);
#1254=ORIENTED_EDGE('',*,*,#888,.F.);
#1255=ORIENTED_EDGE('',*,*,#882,.F.);
#1256=ORIENTED_EDGE('',*,*,#899,.T.);
#1257=ORIENTED_EDGE('',*,*,#901,.T.);
#1258=ORIENTED_EDGE('',*,*,#897,.T.);
#1259=ORIENTED_EDGE('',*,*,#903,.T.);
#1260=ORIENTED_EDGE('',*,*,#904,.F.);
#1261=ORIENTED_EDGE('',*,*,#905,.F.);
#1262=ORIENTED_EDGE('',*,*,#906,.F.);
#1263=ORIENTED_EDGE('',*,*,#907,.F.);
#1264=ORIENTED_EDGE('',*,*,#908,.F.);
#1265=ORIENTED_EDGE('',*,*,#909,.F.);
#1266=ORIENTED_EDGE('',*,*,#910,.F.);
#1267=ORIENTED_EDGE('',*,*,#911,.F.);
#1268=ORIENTED_EDGE('',*,*,#912,.F.);
#1269=ORIENTED_EDGE('',*,*,#913,.F.);
#1270=ORIENTED_EDGE('',*,*,#914,.F.);
#1271=ORIENTED_EDGE('',*,*,#915,.F.);
#1272=ORIENTED_EDGE('',*,*,#916,.T.);
#1273=ORIENTED_EDGE('',*,*,#917,.T.);
#1274=ORIENTED_EDGE('',*,*,#910,.T.);
#1275=ORIENTED_EDGE('',*,*,#918,.F.);
#1276=ORIENTED_EDGE('',*,*,#919,.F.);
#1277=ORIENTED_EDGE('',*,*,#920,.T.);
#1278=ORIENTED_EDGE('',*,*,#920,.F.);
#1279=ORIENTED_EDGE('',*,*,#921,.T.);
#1280=ORIENTED_EDGE('',*,*,#922,.T.);
#1281=ORIENTED_EDGE('',*,*,#911,.T.);
#1282=ORIENTED_EDGE('',*,*,#907,.T.);
#1283=ORIENTED_EDGE('',*,*,#923,.T.);
#1284=ORIENTED_EDGE('',*,*,#924,.T.);
#1285=ORIENTED_EDGE('',*,*,#925,.T.);
#1286=ORIENTED_EDGE('',*,*,#925,.F.);
#1287=ORIENTED_EDGE('',*,*,#926,.F.);
#1288=ORIENTED_EDGE('',*,*,#927,.T.);
#1289=ORIENTED_EDGE('',*,*,#908,.T.);
#1290=ORIENTED_EDGE('',*,*,#913,.T.);
#1291=ORIENTED_EDGE('',*,*,#928,.F.);
#1292=ORIENTED_EDGE('',*,*,#929,.F.);
#1293=ORIENTED_EDGE('',*,*,#930,.T.);
#1294=ORIENTED_EDGE('',*,*,#930,.F.);
#1295=ORIENTED_EDGE('',*,*,#931,.F.);
#1296=ORIENTED_EDGE('',*,*,#932,.T.);
#1297=ORIENTED_EDGE('',*,*,#914,.T.);
#1298=ORIENTED_EDGE('',*,*,#904,.T.);
#1299=ORIENTED_EDGE('',*,*,#933,.F.);
#1300=ORIENTED_EDGE('',*,*,#934,.F.);
#1301=ORIENTED_EDGE('',*,*,#935,.T.);
#1302=ORIENTED_EDGE('',*,*,#935,.F.);
#1303=ORIENTED_EDGE('',*,*,#936,.F.);
#1304=ORIENTED_EDGE('',*,*,#937,.F.);
#1305=ORIENTED_EDGE('',*,*,#905,.T.);
#1306=ORIENTED_EDGE('',*,*,#938,.F.);
#1307=ORIENTED_EDGE('',*,*,#933,.T.);
#1308=ORIENTED_EDGE('',*,*,#915,.T.);
#1309=ORIENTED_EDGE('',*,*,#932,.F.);
#1310=ORIENTED_EDGE('',*,*,#919,.T.);
#1311=ORIENTED_EDGE('',*,*,#939,.T.);
#1312=ORIENTED_EDGE('',*,*,#926,.T.);
#1313=ORIENTED_EDGE('',*,*,#924,.F.);
#1314=ORIENTED_EDGE('',*,*,#940,.T.);
#1315=ORIENTED_EDGE('',*,*,#936,.T.);
#1316=ORIENTED_EDGE('',*,*,#934,.T.);
#1317=ORIENTED_EDGE('',*,*,#938,.T.);
#1318=ORIENTED_EDGE('',*,*,#931,.T.);
#1319=ORIENTED_EDGE('',*,*,#929,.T.);
#1320=ORIENTED_EDGE('',*,*,#941,.F.);
#1321=ORIENTED_EDGE('',*,*,#921,.F.);
#1322=ORIENTED_EDGE('',*,*,#942,.T.);
#1323=ORIENTED_EDGE('',*,*,#943,.T.);
#1324=ORIENTED_EDGE('',*,*,#937,.T.);
#1325=ORIENTED_EDGE('',*,*,#940,.F.);
#1326=ORIENTED_EDGE('',*,*,#923,.F.);
#1327=ORIENTED_EDGE('',*,*,#906,.T.);
#1328=ORIENTED_EDGE('',*,*,#939,.F.);
#1329=ORIENTED_EDGE('',*,*,#918,.T.);
#1330=ORIENTED_EDGE('',*,*,#909,.T.);
#1331=ORIENTED_EDGE('',*,*,#927,.F.);
#1332=ORIENTED_EDGE('',*,*,#928,.T.);
#1333=ORIENTED_EDGE('',*,*,#912,.T.);
#1334=ORIENTED_EDGE('',*,*,#922,.F.);
#1335=ORIENTED_EDGE('',*,*,#941,.T.);
#1336=ORIENTED_EDGE('',*,*,#944,.T.);
#1337=ORIENTED_EDGE('',*,*,#945,.T.);
#1338=ORIENTED_EDGE('',*,*,#917,.F.);
#1339=ORIENTED_EDGE('',*,*,#945,.F.);
#1340=ORIENTED_EDGE('',*,*,#946,.T.);
#1341=ORIENTED_EDGE('',*,*,#947,.T.);
#1342=ORIENTED_EDGE('',*,*,#916,.F.);
#1343=ORIENTED_EDGE('',*,*,#947,.F.);
#1344=ORIENTED_EDGE('',*,*,#942,.F.);
#1345=ORIENTED_EDGE('',*,*,#948,.T.);
#1346=ORIENTED_EDGE('',*,*,#946,.F.);
#1347=ORIENTED_EDGE('',*,*,#948,.F.);
#1348=ORIENTED_EDGE('',*,*,#943,.F.);
#1349=ORIENTED_EDGE('',*,*,#949,.T.);
#1350=ORIENTED_EDGE('',*,*,#944,.F.);
#1351=ORIENTED_EDGE('',*,*,#949,.F.);
#1352=PLANE('',#1527);
#1353=PLANE('',#1528);
#1354=PLANE('',#1529);
#1355=PLANE('',#1530);
#1356=PLANE('',#1531);
#1357=PLANE('',#1532);
#1358=PLANE('',#1533);
#1359=PLANE('',#1534);
#1360=PLANE('',#1535);
#1361=PLANE('',#1536);
#1362=PLANE('',#1537);
#1363=PLANE('',#1538);
#1364=PLANE('',#1539);
#1365=PLANE('',#1540);
#1366=PLANE('',#1541);
#1367=PLANE('',#1542);
#1368=PLANE('',#1543);
#1369=PLANE('',#1544);
#1370=PLANE('',#1545);
#1371=PLANE('',#1546);
#1372=PLANE('',#1547);
#1373=PLANE('',#1548);
#1374=PLANE('',#1549);
#1375=PLANE('',#1550);
#1376=PLANE('',#1551);
#1377=PLANE('',#1552);
#1378=PLANE('',#1553);
#1379=PLANE('',#1554);
#1380=PLANE('',#1555);
#1381=PLANE('',#1556);
#1382=PLANE('',#1557);
#1383=PLANE('',#1558);
#1384=PLANE('',#1559);
#1385=PLANE('',#1560);
#1386=PLANE('',#1561);
#1387=PLANE('',#1562);
#1388=PLANE('',#1563);
#1389=PLANE('',#1564);
#1390=PLANE('',#1565);
#1391=PLANE('',#1566);
#1392=PLANE('',#1567);
#1393=PLANE('',#1568);
#1394=PLANE('',#1569);
#1395=PLANE('',#1570);
#1396=PLANE('',#1571);
#1397=PLANE('',#1572);
#1398=PLANE('',#1573);
#1399=PLANE('',#1574);
#1400=PLANE('',#1575);
#1401=PLANE('',#1576);
#1402=PLANE('',#1577);
#1403=PLANE('',#1593);
#1404=PLANE('',#1594);
#1405=PLANE('',#1595);
#1406=PLANE('',#1596);
#1407=PLANE('',#1597);
#1408=PLANE('',#1598);
#1409=PLANE('',#1603);
#1410=PLANE('',#1612);
#1411=PLANE('',#1613);
#1412=PLANE('',#1618);
#1413=PLANE('',#1619);
#1414=PLANE('',#1620);
#1415=PLANE('',#1621);
#1416=PLANE('',#1622);
#1417=PLANE('',#1623);
#1418=PLANE('',#1624);
#1419=PLANE('',#1625);
#1420=PLANE('',#1628);
#1421=PLANE('',#1632);
#1422=PLANE('',#1634);
#1423=ADVANCED_FACE('',(#85,#66,#67,#68,#69),#1352,.T.);
#1424=ADVANCED_FACE('',(#86),#1353,.F.);
#1425=ADVANCED_FACE('',(#87),#1354,.F.);
#1426=ADVANCED_FACE('',(#88),#1355,.F.);
#1427=ADVANCED_FACE('',(#89),#1356,.F.);
#1428=ADVANCED_FACE('',(#90),#1357,.T.);
#1429=ADVANCED_FACE('',(#91),#1358,.F.);
#1430=ADVANCED_FACE('',(#92),#1359,.T.);
#1431=ADVANCED_FACE('',(#93),#1360,.F.);
#1432=ADVANCED_FACE('',(#94),#1361,.F.);
#1433=ADVANCED_FACE('',(#95),#1362,.F.);
#1434=ADVANCED_FACE('',(#96),#1363,.T.);
#1435=ADVANCED_FACE('',(#97),#1364,.F.);
#1436=ADVANCED_FACE('',(#98),#1365,.T.);
#1437=ADVANCED_FACE('',(#99),#1366,.F.);
#1438=ADVANCED_FACE('',(#100),#1367,.F.);
#1439=ADVANCED_FACE('',(#101),#1368,.F.);
#1440=ADVANCED_FACE('',(#102),#1369,.F.);
#1441=ADVANCED_FACE('',(#103),#1370,.T.);
#1442=ADVANCED_FACE('',(#104),#1371,.T.);
#1443=ADVANCED_FACE('',(#105),#1372,.T.);
#1444=ADVANCED_FACE('',(#106),#1373,.T.);
#1445=ADVANCED_FACE('',(#107),#1374,.T.);
#1446=ADVANCED_FACE('',(#108),#1375,.F.);
#1447=ADVANCED_FACE('',(#109),#1376,.F.);
#1448=ADVANCED_FACE('',(#110),#1377,.F.);
#1449=ADVANCED_FACE('',(#111),#1378,.F.);
#1450=ADVANCED_FACE('',(#112),#1379,.T.);
#1451=ADVANCED_FACE('',(#113),#1380,.T.);
#1452=ADVANCED_FACE('',(#114),#1381,.T.);
#1453=ADVANCED_FACE('',(#115),#1382,.T.);
#1454=ADVANCED_FACE('',(#116),#1383,.T.);
#1455=ADVANCED_FACE('',(#117),#1384,.F.);
#1456=ADVANCED_FACE('',(#118),#1385,.F.);
#1457=ADVANCED_FACE('',(#119),#1386,.F.);
#1458=ADVANCED_FACE('',(#120),#1387,.F.);
#1459=ADVANCED_FACE('',(#121),#1388,.T.);
#1460=ADVANCED_FACE('',(#122),#1389,.T.);
#1461=ADVANCED_FACE('',(#123),#1390,.T.);
#1462=ADVANCED_FACE('',(#124),#1391,.T.);
#1463=ADVANCED_FACE('',(#125),#1392,.T.);
#1464=ADVANCED_FACE('',(#126),#1393,.F.);
#1465=ADVANCED_FACE('',(#127),#1394,.F.);
#1466=ADVANCED_FACE('',(#128),#1395,.F.);
#1467=ADVANCED_FACE('',(#129),#1396,.F.);
#1468=ADVANCED_FACE('',(#130),#1397,.T.);
#1469=ADVANCED_FACE('',(#131),#1398,.T.);
#1470=ADVANCED_FACE('',(#132),#1399,.T.);
#1471=ADVANCED_FACE('',(#133),#1400,.T.);
#1472=ADVANCED_FACE('',(#134),#1401,.T.);
#1473=ADVANCED_FACE('',(#135,#70),#1402,.F.);
#1474=ADVANCED_FACE('',(#136),#26,.F.);
#1475=ADVANCED_FACE('',(#137),#15,.F.);
#1476=ADVANCED_FACE('',(#138),#27,.F.);
#1477=ADVANCED_FACE('',(#139),#28,.T.);
#1478=ADVANCED_FACE('',(#140),#16,.T.);
#1479=ADVANCED_FACE('',(#141),#17,.T.);
#1480=ADVANCED_FACE('',(#142,#71),#1403,.F.);
#1481=ADVANCED_FACE('',(#143,#72),#1404,.T.);
#1482=ADVANCED_FACE('',(#144),#1405,.T.);
#1483=ADVANCED_FACE('',(#145),#1406,.F.);
#1484=ADVANCED_FACE('',(#146),#1407,.T.);
#1485=ADVANCED_FACE('',(#147,#73,#74,#75,#76),#1408,.T.);
#1486=ADVANCED_FACE('',(#148),#1409,.T.);
#1487=ADVANCED_FACE('',(#149),#18,.F.);
#1488=ADVANCED_FACE('',(#150),#19,.F.);
#1489=ADVANCED_FACE('',(#151),#20,.F.);
#1490=ADVANCED_FACE('',(#152),#21,.F.);
#1491=ADVANCED_FACE('',(#153,#77,#78,#79,#80),#1410,.F.);
#1492=ADVANCED_FACE('',(#154,#81,#82),#1411,.F.);
#1493=ADVANCED_FACE('',(#155),#1412,.F.);
#1494=ADVANCED_FACE('',(#156),#1413,.F.);
#1495=ADVANCED_FACE('',(#157),#1414,.F.);
#1496=ADVANCED_FACE('',(#158),#1415,.F.);
#1497=ADVANCED_FACE('',(#159),#1416,.F.);
#1498=ADVANCED_FACE('',(#160),#1417,.F.);
#1499=ADVANCED_FACE('',(#161),#1418,.F.);
#1500=ADVANCED_FACE('',(#162),#1419,.F.);
#1501=ADVANCED_FACE('',(#163),#22,.T.);
#1502=ADVANCED_FACE('',(#164,#83,#84),#1420,.F.);
#1503=ADVANCED_FACE('',(#165),#1421,.F.);
#1504=ADVANCED_FACE('',(#166),#23,.T.);
#1505=ADVANCED_FACE('',(#167),#1422,.F.);
#1506=ADVANCED_FACE('',(#168),#24,.F.);
#1507=ADVANCED_FACE('',(#169),#25,.F.);
#1508=ADVANCED_FACE('',(#170),#13,.T.);
#1509=ADVANCED_FACE('',(#171),#14,.T.);
#1510=CLOSED_SHELL('',(#1423,#1424,#1425,#1426,#1427,#1428,#1429,#1430,
#1431,#1432,#1433,#1434,#1435,#1436,#1437,#1438,#1439,#1440,#1441,#1442,
#1443,#1444,#1445,#1446,#1447,#1448,#1449,#1450,#1451,#1452,#1453,#1454,
#1455,#1456,#1457,#1458,#1459,#1460,#1461,#1462,#1463,#1464,#1465,#1466,
#1467,#1468,#1469,#1470,#1471,#1472));
#1511=CLOSED_SHELL('',(#1473,#1474,#1475,#1476,#1477,#1478,#1479,#1480,
#1481));
#1512=CLOSED_SHELL('',(#1482,#1483,#1484,#1485,#1486,#1487,#1488,#1489,
#1490,#1491));
#1513=CLOSED_SHELL('',(#1492,#1493,#1494,#1495,#1496,#1497,#1498,#1499,
#1500,#1501,#1502,#1503,#1504,#1505,#1506,#1507,#1508,#1509));
#1514=DERIVED_UNIT_ELEMENT(#1516,1.);
#1515=DERIVED_UNIT_ELEMENT(#2470,-3.);
#1516=(
MASS_UNIT()
NAMED_UNIT(*)
SI_UNIT(.KILO.,.GRAM.)
);
#1517=DERIVED_UNIT((#1514,#1515));
#1518=MEASURE_REPRESENTATION_ITEM('density measure',
POSITIVE_RATIO_MEASURE(7850.),#1517);
#1519=PROPERTY_DEFINITION_REPRESENTATION(#1524,#1521);
#1520=PROPERTY_DEFINITION_REPRESENTATION(#1525,#1522);
#1521=REPRESENTATION('material name',(#1523),#2467);
#1522=REPRESENTATION('density',(#1518),#2467);
#1523=DESCRIPTIVE_REPRESENTATION_ITEM('Steel','Steel');
#1524=PROPERTY_DEFINITION('material property','material name',#2477);
#1525=PROPERTY_DEFINITION('material property','density of part',#2477);
#1526=AXIS2_PLACEMENT_3D('',#2049,#1643,#1644);
#1527=AXIS2_PLACEMENT_3D('',#2050,#1645,#1646);
#1528=AXIS2_PLACEMENT_3D('',#2099,#1671,#1672);
#1529=AXIS2_PLACEMENT_3D('',#2108,#1677,#1678);
#1530=AXIS2_PLACEMENT_3D('',#2114,#1682,#1683);
#1531=AXIS2_PLACEMENT_3D('',#2120,#1687,#1688);
#1532=AXIS2_PLACEMENT_3D('',#2128,#1694,#1695);
#1533=AXIS2_PLACEMENT_3D('',#2142,#1703,#1704);
#1534=AXIS2_PLACEMENT_3D('',#2143,#1705,#1706);
#1535=AXIS2_PLACEMENT_3D('',#2146,#1709,#1710);
#1536=AXIS2_PLACEMENT_3D('',#2148,#1712,#1713);
#1537=AXIS2_PLACEMENT_3D('',#2150,#1715,#1716);
#1538=AXIS2_PLACEMENT_3D('',#2151,#1717,#1718);
#1539=AXIS2_PLACEMENT_3D('',#2153,#1720,#1721);
#1540=AXIS2_PLACEMENT_3D('',#2155,#1723,#1724);
#1541=AXIS2_PLACEMENT_3D('',#2156,#1725,#1726);
#1542=AXIS2_PLACEMENT_3D('',#2162,#1730,#1731);
#1543=AXIS2_PLACEMENT_3D('',#2166,#1734,#1735);
#1544=AXIS2_PLACEMENT_3D('',#2170,#1738,#1739);
#1545=AXIS2_PLACEMENT_3D('',#2172,#1741,#1742);
#1546=AXIS2_PLACEMENT_3D('',#2181,#1747,#1748);
#1547=AXIS2_PLACEMENT_3D('',#2184,#1751,#1752);
#1548=AXIS2_PLACEMENT_3D('',#2186,#1754,#1755);
#1549=AXIS2_PLACEMENT_3D('',#2188,#1757,#1758);
#1550=AXIS2_PLACEMENT_3D('',#2189,#1759,#1760);
#1551=AXIS2_PLACEMENT_3D('',#2195,#1764,#1765);
#1552=AXIS2_PLACEMENT_3D('',#2199,#1768,#1769);
#1553=AXIS2_PLACEMENT_3D('',#2203,#1772,#1773);
#1554=AXIS2_PLACEMENT_3D('',#2205,#1775,#1776);
#1555=AXIS2_PLACEMENT_3D('',#2214,#1781,#1782);
#1556=AXIS2_PLACEMENT_3D('',#2217,#1785,#1786);
#1557=AXIS2_PLACEMENT_3D('',#2219,#1788,#1789);
#1558=AXIS2_PLACEMENT_3D('',#2221,#1791,#1792);
#1559=AXIS2_PLACEMENT_3D('',#2222,#1793,#1794);
#1560=AXIS2_PLACEMENT_3D('',#2228,#1798,#1799);
#1561=AXIS2_PLACEMENT_3D('',#2232,#1802,#1803);
#1562=AXIS2_PLACEMENT_3D('',#2236,#1806,#1807);
#1563=AXIS2_PLACEMENT_3D('',#2238,#1809,#1810);
#1564=AXIS2_PLACEMENT_3D('',#2247,#1815,#1816);
#1565=AXIS2_PLACEMENT_3D('',#2250,#1819,#1820);
#1566=AXIS2_PLACEMENT_3D('',#2252,#1822,#1823);
#1567=AXIS2_PLACEMENT_3D('',#2254,#1825,#1826);
#1568=AXIS2_PLACEMENT_3D('',#2255,#1827,#1828);
#1569=AXIS2_PLACEMENT_3D('',#2261,#1832,#1833);
#1570=AXIS2_PLACEMENT_3D('',#2265,#1836,#1837);
#1571=AXIS2_PLACEMENT_3D('',#2269,#1840,#1841);
#1572=AXIS2_PLACEMENT_3D('',#2271,#1843,#1844);
#1573=AXIS2_PLACEMENT_3D('',#2280,#1849,#1850);
#1574=AXIS2_PLACEMENT_3D('',#2283,#1853,#1854);
#1575=AXIS2_PLACEMENT_3D('',#2285,#1856,#1857);
#1576=AXIS2_PLACEMENT_3D('',#2287,#1859,#1860);
#1577=AXIS2_PLACEMENT_3D('',#2288,#1861,#1862);
#1578=AXIS2_PLACEMENT_3D('',#2290,#1863,#1864);
#1579=AXIS2_PLACEMENT_3D('',#2292,#1865,#1866);
#1580=AXIS2_PLACEMENT_3D('',#2293,#1867,#1868);
#1581=AXIS2_PLACEMENT_3D('',#2296,#1870,#1871);
#1582=AXIS2_PLACEMENT_3D('',#2297,#1872,#1873);
#1583=AXIS2_PLACEMENT_3D('',#2300,#1875,#1876);
#1584=AXIS2_PLACEMENT_3D('',#2301,#1877,#1878);
#1585=AXIS2_PLACEMENT_3D('',#2304,#1880,#1881);
#1586=AXIS2_PLACEMENT_3D('',#2305,#1882,#1883);
#1587=AXIS2_PLACEMENT_3D('',#2307,#1884,#1885);
#1588=AXIS2_PLACEMENT_3D('',#2310,#1887,#1888);
#1589=AXIS2_PLACEMENT_3D('',#2311,#1889,#1890);
#1590=AXIS2_PLACEMENT_3D('',#2313,#1891,#1892);
#1591=AXIS2_PLACEMENT_3D('',#2315,#1894,#1895);
#1592=AXIS2_PLACEMENT_3D('',#2318,#1897,#1898);
#1593=AXIS2_PLACEMENT_3D('',#2319,#1899,#1900);
#1594=AXIS2_PLACEMENT_3D('',#2320,#1901,#1902);
#1595=AXIS2_PLACEMENT_3D('',#2321,#1903,#1904);
#1596=AXIS2_PLACEMENT_3D('',#2330,#1909,#1910);
#1597=AXIS2_PLACEMENT_3D('',#2336,#1914,#1915);
#1598=AXIS2_PLACEMENT_3D('',#2342,#1919,#1920);
#1599=AXIS2_PLACEMENT_3D('',#2345,#1922,#1923);
#1600=AXIS2_PLACEMENT_3D('',#2347,#1924,#1925);
#1601=AXIS2_PLACEMENT_3D('',#2349,#1926,#1927);
#1602=AXIS2_PLACEMENT_3D('',#2351,#1928,#1929);
#1603=AXIS2_PLACEMENT_3D('',#2352,#1930,#1931);
#1604=AXIS2_PLACEMENT_3D('',#2354,#1933,#1934);
#1605=AXIS2_PLACEMENT_3D('',#2357,#1936,#1937);
#1606=AXIS2_PLACEMENT_3D('',#2358,#1938,#1939);
#1607=AXIS2_PLACEMENT_3D('',#2361,#1941,#1942);
#1608=AXIS2_PLACEMENT_3D('',#2362,#1943,#1944);
#1609=AXIS2_PLACEMENT_3D('',#2365,#1946,#1947);
#1610=AXIS2_PLACEMENT_3D('',#2366,#1948,#1949);
#1611=AXIS2_PLACEMENT_3D('',#2369,#1951,#1952);
#1612=AXIS2_PLACEMENT_3D('',#2370,#1953,#1954);
#1613=AXIS2_PLACEMENT_3D('',#2371,#1955,#1956);
#1614=AXIS2_PLACEMENT_3D('',#2384,#1962,#1963);
#1615=AXIS2_PLACEMENT_3D('',#2395,#1969,#1970);
#1616=AXIS2_PLACEMENT_3D('',#2397,#1971,#1972);
#1617=AXIS2_PLACEMENT_3D('',#2399,#1973,#1974);
#1618=AXIS2_PLACEMENT_3D('',#2400,#1975,#1976);
#1619=AXIS2_PLACEMENT_3D('',#2406,#1980,#1981);
#1620=AXIS2_PLACEMENT_3D('',#2410,#1984,#1985);
#1621=AXIS2_PLACEMENT_3D('',#2416,#1989,#1990);
#1622=AXIS2_PLACEMENT_3D('',#2420,#1993,#1994);
#1623=AXIS2_PLACEMENT_3D('',#2426,#1998,#1999);
#1624=AXIS2_PLACEMENT_3D('',#2430,#2002,#2003);
#1625=AXIS2_PLACEMENT_3D('',#2436,#2007,#2008);
#1626=AXIS2_PLACEMENT_3D('',#2440,#2011,#2012);
#1627=AXIS2_PLACEMENT_3D('',#2441,#2013,#2014);
#1628=AXIS2_PLACEMENT_3D('',#2442,#2015,#2016);
#1629=AXIS2_PLACEMENT_3D('',#2443,#2017,#2018);
#1630=AXIS2_PLACEMENT_3D('',#2447,#2021,#2022);
#1631=AXIS2_PLACEMENT_3D('',#2449,#2023,#2024);
#1632=AXIS2_PLACEMENT_3D('',#2450,#2025,#2026);
#1633=AXIS2_PLACEMENT_3D('',#2451,#2027,#2028);
#1634=AXIS2_PLACEMENT_3D('',#2452,#2029,#2030);
#1635=AXIS2_PLACEMENT_3D('',#2453,#2031,#2032);
#1636=AXIS2_PLACEMENT_3D('',#2455,#2033,#2034);
#1637=AXIS2_PLACEMENT_3D('',#2457,#2036,#2037);
#1638=AXIS2_PLACEMENT_3D('',#2459,#2038,#2039);
#1639=AXIS2_PLACEMENT_3D('',#2461,#2041,#2042);
#1640=AXIS2_PLACEMENT_3D('',#2462,#2043,#2044);
#1641=AXIS2_PLACEMENT_3D('',#2463,#2045,#2046);
#1642=AXIS2_PLACEMENT_3D('',#2464,#2047,#2048);
#1643=DIRECTION('axis',(0.,0.,1.));
#1644=DIRECTION('refdir',(1.,0.,0.));
#1645=DIRECTION('center_axis',(0.,-1.,0.));
#1646=DIRECTION('ref_axis',(-1.,0.,2.22044604925031E-16));
#1647=DIRECTION('',(2.22044604925031E-16,0.,1.));
#1648=DIRECTION('',(1.,0.,-2.22044604925031E-16));
#1649=DIRECTION('',(2.22044604925031E-16,0.,1.));
#1650=DIRECTION('',(1.,0.,-2.22044604925031E-16));
#1651=DIRECTION('',(2.22044604925031E-16,0.,1.));
#1652=DIRECTION('',(1.,0.,-2.22044604925031E-16));
#1653=DIRECTION('',(2.22044604925031E-16,0.,1.));
#1654=DIRECTION('',(1.,0.,-2.22044604925031E-16));
#1655=DIRECTION('',(1.,0.,-2.22044604925031E-16));
#1656=DIRECTION('',(-2.22044604925031E-16,0.,-1.));
#1657=DIRECTION('',(-1.,0.,2.22044604925031E-16));
#1658=DIRECTION('',(2.22044604925031E-16,0.,1.));
#1659=DIRECTION('',(1.,0.,6.45317133063373E-16));
#1660=DIRECTION('',(-2.22044604925031E-16,0.,-1.));
#1661=DIRECTION('',(-1.,0.,2.22044604925031E-16));
#1662=DIRECTION('',(2.22044604925031E-16,0.,1.));
#1663=DIRECTION('',(1.,0.,-2.22044604925031E-16));
#1664=DIRECTION('',(-2.22044604925031E-16,0.,-1.));
#1665=DIRECTION('',(-1.,0.,2.22044604925031E-16));
#1666=DIRECTION('',(2.22044604925031E-16,0.,1.));
#1667=DIRECTION('',(1.,0.,-2.22044604925031E-16));
#1668=DIRECTION('',(-2.22044604925031E-16,0.,-1.));
#1669=DIRECTION('',(-1.,0.,2.22044604925031E-16));
#1670=DIRECTION('',(2.22044604925031E-16,0.,1.));
#1671=DIRECTION('center_axis',(2.22044604925031E-16,0.,1.));
#1672=DIRECTION('ref_axis',(1.,0.,-2.22044604925031E-16));
#1673=DIRECTION('',(1.,0.,-2.22044604925031E-16));
#1674=DIRECTION('',(0.,1.,0.));
#1675=DIRECTION('',(1.,0.,-2.22044604925031E-16));
#1676=DIRECTION('',(0.,1.,0.));
#1677=DIRECTION('center_axis',(-1.,0.,3.95516952522712E-16));
#1678=DIRECTION('ref_axis',(3.95516952522712E-16,0.,1.));
#1679=DIRECTION('',(3.95516952522712E-16,0.,1.));
#1680=DIRECTION('',(0.,1.,0.));
#1681=DIRECTION('',(3.95516952522712E-16,0.,1.));
#1682=DIRECTION('center_axis',(-9.95799250102958E-17,0.,-1.));
#1683=DIRECTION('ref_axis',(-1.,0.,9.95799250102958E-17));
#1684=DIRECTION('',(-1.,0.,9.95799250102958E-17));
#1685=DIRECTION('',(0.,1.,0.));
#1686=DIRECTION('',(-1.,0.,9.95799250102958E-17));
#1687=DIRECTION('center_axis',(1.,0.,-2.22044604925031E-16));
#1688=DIRECTION('ref_axis',(-2.22044604925031E-16,0.,-1.));
#1689=DIRECTION('',(0.,-1.,0.));
#1690=DIRECTION('',(-2.22044604925031E-16,0.,-1.));
#1691=DIRECTION('',(-2.22044604925031E-16,0.,-1.));
#1692=DIRECTION('',(-2.22044604925031E-16,0.,-1.));
#1693=DIRECTION('',(0.,-1.,0.));
#1694=DIRECTION('center_axis',(0.,-1.,0.));
#1695=DIRECTION('ref_axis',(-1.,0.,2.22044604925031E-16));
#1696=DIRECTION('',(-1.,0.,2.22044604925031E-16));
#1697=DIRECTION('',(-2.22044604925031E-16,0.,-1.));
#1698=DIRECTION('',(-1.,0.,2.22044604925031E-16));
#1699=DIRECTION('',(-2.22044604925031E-16,0.,-1.));
#1700=DIRECTION('',(-1.,0.,2.22044604925031E-16));
#1701=DIRECTION('',(-2.22044604925031E-16,0.,-1.));
#1702=DIRECTION('',(-1.,0.,2.22044604925031E-16));
#1703=DIRECTION('center_axis',(0.,-1.,0.));
#1704=DIRECTION('ref_axis',(-1.,0.,2.22044604925031E-16));
#1705=DIRECTION('center_axis',(-1.,0.,2.22044604925031E-16));
#1706=DIRECTION('ref_axis',(2.22044604925031E-16,0.,1.));
#1707=DIRECTION('',(0.,-1.,0.));
#1708=DIRECTION('',(0.,-1.,0.));
#1709=DIRECTION('center_axis',(2.22044604925031E-16,0.,1.));
#1710=DIRECTION('ref_axis',(1.,0.,-2.22044604925031E-16));
#1711=DIRECTION('',(0.,-1.,0.));
#1712=DIRECTION('center_axis',(-1.,0.,2.22044604925031E-16));
#1713=DIRECTION('ref_axis',(2.22044604925031E-16,0.,1.));
#1714=DIRECTION('',(0.,-1.,0.));
#1715=DIRECTION('center_axis',(2.22044604925031E-16,0.,1.));
#1716=DIRECTION('ref_axis',(1.,0.,-2.22044604925031E-16));
#1717=DIRECTION('center_axis',(2.22044604925031E-16,0.,1.));
#1718=DIRECTION('ref_axis',(1.,0.,-2.22044604925031E-16));
#1719=DIRECTION('',(0.,-1.,0.));
#1720=DIRECTION('center_axis',(-1.,0.,2.22044604925031E-16));
#1721=DIRECTION('ref_axis',(2.22044604925031E-16,0.,1.));
#1722=DIRECTION('',(0.,-1.,0.));
#1723=DIRECTION('center_axis',(2.22044604925031E-16,0.,1.));
#1724=DIRECTION('ref_axis',(1.,0.,-2.22044604925031E-16));
#1725=DIRECTION('center_axis',(2.22044604925031E-16,0.,1.));
#1726=DIRECTION('ref_axis',(1.,0.,-2.22044604925031E-16));
#1727=DIRECTION('',(0.,1.,0.));
#1728=DIRECTION('',(-1.,0.,2.22044604925031E-16));
#1729=DIRECTION('',(0.,1.,0.));
#1730=DIRECTION('center_axis',(-1.,0.,2.22044604925031E-16));
#1731=DIRECTION('ref_axis',(2.22044604925031E-16,0.,1.));
#1732=DIRECTION('',(0.,1.,0.));
#1733=DIRECTION('',(-2.22044604925031E-16,0.,-1.));
#1734=DIRECTION('center_axis',(-2.22044604925031E-16,0.,-1.));
#1735=DIRECTION('ref_axis',(-1.,0.,2.22044604925031E-16));
#1736=DIRECTION('',(0.,1.,0.));
#1737=DIRECTION('',(1.,0.,-2.22044604925031E-16));
#1738=DIRECTION('center_axis',(1.,0.,-2.22044604925031E-16));
#1739=DIRECTION('ref_axis',(-2.22044604925031E-16,0.,-1.));
#1740=DIRECTION('',(2.22044604925031E-16,0.,1.));
#1741=DIRECTION('center_axis',(0.,-1.,0.));
#1742=DIRECTION('ref_axis',(-1.,0.,2.22044604925031E-16));
#1743=DIRECTION('',(2.22044604925031E-16,0.,1.));
#1744=DIRECTION('',(-1.,0.,2.22044604925031E-16));
#1745=DIRECTION('',(-2.22044604925031E-16,0.,-1.));
#1746=DIRECTION('',(1.,0.,-2.22044604925031E-16));
#1747=DIRECTION('center_axis',(-1.57009245868378E-16,-0.707106781186547,
-0.707106781186548));
#1748=DIRECTION('ref_axis',(-1.,0.,2.22044604925031E-16));
#1749=DIRECTION('',(0.577350269189626,-0.577350269189627,0.577350269189625));
#1750=DIRECTION('',(0.577350269189625,0.577350269189627,-0.577350269189625));
#1751=DIRECTION('center_axis',(0.707106781186548,-0.707106781186547,-1.57009245868378E-16));
#1752=DIRECTION('ref_axis',(-2.22044604925031E-16,0.,-1.));
#1753=DIRECTION('',(0.577350269189626,0.577350269189627,0.577350269189625));
#1754=DIRECTION('center_axis',(-0.707106781186548,-0.707106781186547,1.57009245868378E-16));
#1755=DIRECTION('ref_axis',(2.22044604925031E-16,0.,1.));
#1756=DIRECTION('',(0.577350269189625,-0.577350269189627,-0.577350269189625));
#1757=DIRECTION('center_axis',(1.57009245868378E-16,-0.707106781186547,
0.707106781186548));
#1758=DIRECTION('ref_axis',(1.,0.,-2.22044604925031E-16));
#1759=DIRECTION('center_axis',(2.22044604925031E-16,0.,1.));
#1760=DIRECTION('ref_axis',(1.,0.,-2.22044604925031E-16));
#1761=DIRECTION('',(0.,1.,0.));
#1762=DIRECTION('',(-1.,0.,2.22044604925031E-16));
#1763=DIRECTION('',(0.,1.,0.));
#1764=DIRECTION('center_axis',(-1.,0.,2.22044604925031E-16));
#1765=DIRECTION('ref_axis',(2.22044604925031E-16,0.,1.));
#1766=DIRECTION('',(0.,1.,0.));
#1767=DIRECTION('',(-2.22044604925031E-16,0.,-1.));
#1768=DIRECTION('center_axis',(-2.22044604925031E-16,0.,-1.));
#1769=DIRECTION('ref_axis',(-1.,0.,2.22044604925031E-16));
#1770=DIRECTION('',(0.,1.,0.));
#1771=DIRECTION('',(1.,0.,-2.22044604925031E-16));
#1772=DIRECTION('center_axis',(1.,0.,-2.22044604925031E-16));
#1773=DIRECTION('ref_axis',(-2.22044604925031E-16,0.,-1.));
#1774=DIRECTION('',(2.22044604925031E-16,0.,1.));
#1775=DIRECTION('center_axis',(0.,-1.,0.));
#1776=DIRECTION('ref_axis',(-1.,0.,2.22044604925031E-16));
#1777=DIRECTION('',(2.22044604925031E-16,0.,1.));
#1778=DIRECTION('',(-1.,0.,2.22044604925031E-16));
#1779=DIRECTION('',(-2.22044604925031E-16,0.,-1.));
#1780=DIRECTION('',(1.,0.,-2.22044604925031E-16));
#1781=DIRECTION('center_axis',(-1.57009245868378E-16,-0.707106781186546,
-0.707106781186549));
#1782=DIRECTION('ref_axis',(-1.,0.,2.22044604925031E-16));
#1783=DIRECTION('',(0.577350269189625,-0.577350269189627,0.577350269189625));
#1784=DIRECTION('',(0.577350269189625,0.577350269189627,-0.577350269189625));
#1785=DIRECTION('center_axis',(0.707106781186549,-0.707106781186546,-1.57009245868378E-16));
#1786=DIRECTION('ref_axis',(-2.22044604925031E-16,0.,-1.));
#1787=DIRECTION('',(0.577350269189625,0.577350269189627,0.577350269189625));
#1788=DIRECTION('center_axis',(-0.707106781186549,-0.707106781186546,1.57009245868378E-16));
#1789=DIRECTION('ref_axis',(2.22044604925031E-16,0.,1.));
#1790=DIRECTION('',(0.577350269189625,-0.577350269189627,-0.577350269189625));
#1791=DIRECTION('center_axis',(1.57009245868378E-16,-0.707106781186546,
0.707106781186549));
#1792=DIRECTION('ref_axis',(1.,0.,-2.22044604925031E-16));
#1793=DIRECTION('center_axis',(-6.45317133063373E-16,0.,1.));
#1794=DIRECTION('ref_axis',(1.,0.,6.45317133063373E-16));
#1795=DIRECTION('',(0.,1.,0.));
#1796=DIRECTION('',(-1.,0.,-6.45317133063373E-16));
#1797=DIRECTION('',(0.,1.,0.));
#1798=DIRECTION('center_axis',(-1.,0.,2.22044604925031E-16));
#1799=DIRECTION('ref_axis',(2.22044604925031E-16,0.,1.));
#1800=DIRECTION('',(0.,1.,0.));
#1801=DIRECTION('',(-2.22044604925031E-16,0.,-1.));
#1802=DIRECTION('center_axis',(-2.22044604925031E-16,0.,-1.));
#1803=DIRECTION('ref_axis',(-1.,0.,2.22044604925031E-16));
#1804=DIRECTION('',(0.,1.,0.));
#1805=DIRECTION('',(1.,0.,-2.22044604925031E-16));
#1806=DIRECTION('center_axis',(1.,0.,-2.22044604925031E-16));
#1807=DIRECTION('ref_axis',(-2.22044604925031E-16,0.,-1.));
#1808=DIRECTION('',(2.22044604925031E-16,0.,1.));
#1809=DIRECTION('center_axis',(0.,-1.,0.));
#1810=DIRECTION('ref_axis',(-1.,0.,2.22044604925031E-16));
#1811=DIRECTION('',(2.22044604925031E-16,0.,1.));
#1812=DIRECTION('',(-1.,0.,2.22044604925031E-16));
#1813=DIRECTION('',(-2.22044604925031E-16,0.,-1.));
#1814=DIRECTION('',(1.,0.,6.45317133063373E-16));
#1815=DIRECTION('center_axis',(4.56308120804973E-16,-0.707106781186547,
-0.707106781186548));
#1816=DIRECTION('ref_axis',(-1.,-4.93038065763132E-32,-6.45317133063373E-16));
#1817=DIRECTION('',(0.577350269189625,-0.577350269189627,0.577350269189626));
#1818=DIRECTION('',(0.577350269189625,0.577350269189627,-0.577350269189626));
#1819=DIRECTION('center_axis',(0.707106781186549,-0.707106781186546,-1.57009245868378E-16));
#1820=DIRECTION('ref_axis',(-2.22044604925031E-16,0.,-1.));
#1821=DIRECTION('',(0.577350269189625,0.577350269189627,0.577350269189625));
#1822=DIRECTION('center_axis',(-0.707106781186549,-0.707106781186546,1.57009245868378E-16));
#1823=DIRECTION('ref_axis',(2.22044604925031E-16,0.,1.));
#1824=DIRECTION('',(0.577350269189625,-0.577350269189627,-0.577350269189625));
#1825=DIRECTION('center_axis',(1.57009245868378E-16,-0.707106781186546,
0.707106781186549));
#1826=DIRECTION('ref_axis',(1.,0.,-2.22044604925031E-16));
#1827=DIRECTION('center_axis',(2.22044604925031E-16,0.,1.));
#1828=DIRECTION('ref_axis',(1.,0.,-2.22044604925031E-16));
#1829=DIRECTION('',(0.,1.,0.));
#1830=DIRECTION('',(-1.,0.,2.22044604925031E-16));
#1831=DIRECTION('',(0.,1.,0.));
#1832=DIRECTION('center_axis',(-1.,0.,2.22044604925031E-16));
#1833=DIRECTION('ref_axis',(2.22044604925031E-16,0.,1.));
#1834=DIRECTION('',(0.,1.,0.));
#1835=DIRECTION('',(-2.22044604925031E-16,0.,-1.));
#1836=DIRECTION('center_axis',(-2.22044604925031E-16,0.,-1.));
#1837=DIRECTION('ref_axis',(-1.,0.,2.22044604925031E-16));
#1838=DIRECTION('',(0.,1.,0.));
#1839=DIRECTION('',(1.,0.,-2.22044604925031E-16));
#1840=DIRECTION('center_axis',(1.,0.,-2.22044604925031E-16));
#1841=DIRECTION('ref_axis',(-2.22044604925031E-16,0.,-1.));
#1842=DIRECTION('',(2.22044604925031E-16,0.,1.));
#1843=DIRECTION('center_axis',(0.,-1.,0.));
#1844=DIRECTION('ref_axis',(-1.,0.,2.22044604925031E-16));
#1845=DIRECTION('',(2.22044604925031E-16,0.,1.));
#1846=DIRECTION('',(-1.,0.,2.22044604925031E-16));
#1847=DIRECTION('',(-2.22044604925031E-16,0.,-1.));
#1848=DIRECTION('',(1.,0.,-2.22044604925031E-16));
#1849=DIRECTION('center_axis',(-1.57009245868378E-16,-0.707106781186547,
-0.707106781186548));
#1850=DIRECTION('ref_axis',(-1.,0.,2.22044604925031E-16));
#1851=DIRECTION('',(0.577350269189626,-0.577350269189627,0.577350269189625));
#1852=DIRECTION('',(0.577350269189625,0.577350269189627,-0.577350269189625));
#1853=DIRECTION('center_axis',(0.707106781186548,-0.707106781186547,-1.57009245868378E-16));
#1854=DIRECTION('ref_axis',(-2.22044604925031E-16,0.,-1.));
#1855=DIRECTION('',(0.577350269189626,0.577350269189627,0.577350269189625));
#1856=DIRECTION('center_axis',(-0.707106781186548,-0.707106781186547,1.57009245868378E-16));
#1857=DIRECTION('ref_axis',(2.22044604925031E-16,0.,1.));
#1858=DIRECTION('',(0.577350269189625,-0.577350269189627,-0.577350269189625));
#1859=DIRECTION('center_axis',(1.57009245868378E-16,-0.707106781186547,
0.707106781186548));
#1860=DIRECTION('ref_axis',(1.,0.,-2.22044604925031E-16));
#1861=DIRECTION('center_axis',(0.,1.,0.));
#1862=DIRECTION('ref_axis',(0.,0.,1.));
#1863=DIRECTION('center_axis',(0.,1.,0.));
#1864=DIRECTION('ref_axis',(0.,0.,-1.));
#1865=DIRECTION('center_axis',(0.,-1.,0.));
#1866=DIRECTION('ref_axis',(0.,0.,1.));
#1867=DIRECTION('center_axis',(0.,1.,0.));
#1868=DIRECTION('ref_axis',(0.,0.,1.));
#1869=DIRECTION('',(-2.54618386665288E-17,0.978147600733805,-0.207911690817764));
#1870=DIRECTION('center_axis',(0.,-1.,0.));
#1871=DIRECTION('ref_axis',(0.,0.,1.));
#1872=DIRECTION('center_axis',(0.,1.,0.));
#1873=DIRECTION('ref_axis',(0.,0.,1.));
#1874=DIRECTION('',(0.,1.,0.));
#1875=DIRECTION('center_axis',(0.,1.,0.));
#1876=DIRECTION('ref_axis',(0.,0.,1.));
#1877=DIRECTION('center_axis',(0.,1.,0.));
#1878=DIRECTION('ref_axis',(0.,0.,1.));
#1879=DIRECTION('',(-4.58760765566296E-17,0.927183854566785,-0.374606593415917));
#1880=DIRECTION('center_axis',(0.,1.,0.));
#1881=DIRECTION('ref_axis',(0.,0.,1.));
#1882=DIRECTION('center_axis',(0.,-1.,0.));
#1883=DIRECTION('ref_axis',(0.,0.,-1.));
#1884=DIRECTION('center_axis',(0.,-1.,0.));
#1885=DIRECTION('ref_axis',(0.,0.,1.));
#1886=DIRECTION('',(8.65956056235488E-17,0.707106781186552,-0.707106781186543));
#1887=DIRECTION('center_axis',(0.,1.,0.));
#1888=DIRECTION('ref_axis',(0.,0.,1.));
#1889=DIRECTION('center_axis',(0.,-1.,0.));
#1890=DIRECTION('ref_axis',(0.,0.,-1.));
#1891=DIRECTION('center_axis',(0.,1.,0.));
#1892=DIRECTION('ref_axis',(0.,0.,1.));
#1893=DIRECTION('',(0.,1.,0.));
#1894=DIRECTION('center_axis',(0.,-1.,0.));
#1895=DIRECTION('ref_axis',(0.,0.,-1.));
#1896=DIRECTION('',(0.,1.,0.));
#1897=DIRECTION('center_axis',(0.,1.,0.));
#1898=DIRECTION('ref_axis',(0.,0.,1.));
#1899=DIRECTION('center_axis',(0.,1.,0.));
#1900=DIRECTION('ref_axis',(0.,0.,1.));
#1901=DIRECTION('center_axis',(0.,1.,0.));
#1902=DIRECTION('ref_axis',(0.,0.,1.));
#1903=DIRECTION('center_axis',(0.,0.,-1.));
#1904=DIRECTION('ref_axis',(-1.,0.,0.));
#1905=DIRECTION('',(-1.,0.,0.));
#1906=DIRECTION('',(0.,1.,0.));
#1907=DIRECTION('',(1.,0.,0.));
#1908=DIRECTION('',(0.,-1.,0.));
#1909=DIRECTION('center_axis',(1.,0.,0.));
#1910=DIRECTION('ref_axis',(0.,0.,-1.));
#1911=DIRECTION('',(0.,0.,1.));
#1912=DIRECTION('',(0.,1.,0.));
#1913=DIRECTION('',(0.,0.,-1.));
#1914=DIRECTION('center_axis',(1.,0.,0.));
#1915=DIRECTION('ref_axis',(0.,0.,-1.));
#1916=DIRECTION('',(0.,0.,1.));
#1917=DIRECTION('',(0.,0.,1.));
#1918=DIRECTION('',(0.,1.,0.));
#1919=DIRECTION('center_axis',(0.,-1.,0.));
#1920=DIRECTION('ref_axis',(0.,0.,-1.));
#1921=DIRECTION('',(-1.,0.,0.));
#1922=DIRECTION('center_axis',(0.,1.,0.));
#1923=DIRECTION('ref_axis',(1.,0.,0.));
#1924=DIRECTION('center_axis',(0.,1.,0.));
#1925=DIRECTION('ref_axis',(1.,0.,0.));
#1926=DIRECTION('center_axis',(0.,1.,0.));
#1927=DIRECTION('ref_axis',(1.,0.,0.));
#1928=DIRECTION('center_axis',(0.,1.,0.));
#1929=DIRECTION('ref_axis',(1.,0.,0.));
#1930=DIRECTION('center_axis',(0.,0.,1.));
#1931=DIRECTION('ref_axis',(1.,0.,0.));
#1932=DIRECTION('',(-1.,0.,0.));
#1933=DIRECTION('center_axis',(0.,-1.,0.));
#1934=DIRECTION('ref_axis',(1.,0.,0.));
#1935=DIRECTION('',(0.,1.,0.));
#1936=DIRECTION('center_axis',(0.,-1.,0.));
#1937=DIRECTION('ref_axis',(1.,0.,0.));
#1938=DIRECTION('center_axis',(0.,-1.,0.));
#1939=DIRECTION('ref_axis',(1.,0.,0.));
#1940=DIRECTION('',(0.,1.,0.));
#1941=DIRECTION('center_axis',(0.,-1.,0.));
#1942=DIRECTION('ref_axis',(1.,0.,0.));
#1943=DIRECTION('center_axis',(0.,-1.,0.));
#1944=DIRECTION('ref_axis',(1.,0.,0.));
#1945=DIRECTION('',(0.,1.,0.));
#1946=DIRECTION('center_axis',(0.,-1.,0.));
#1947=DIRECTION('ref_axis',(1.,0.,0.));
#1948=DIRECTION('center_axis',(0.,-1.,0.));
#1949=DIRECTION('ref_axis',(1.,0.,0.));
#1950=DIRECTION('',(0.,1.,0.));
#1951=DIRECTION('center_axis',(0.,-1.,0.));
#1952=DIRECTION('ref_axis',(1.,0.,0.));
#1953=DIRECTION('center_axis',(0.,-1.,0.));
#1954=DIRECTION('ref_axis',(0.,0.,-1.));
#1955=DIRECTION('center_axis',(0.,1.,0.));
#1956=DIRECTION('ref_axis',(0.,0.,1.));
#1957=DIRECTION('',(0.,0.,-1.));
#1958=DIRECTION('',(-1.,0.,0.));
#1959=DIRECTION('',(1.0842021724855E-16,0.,-1.));
#1960=DIRECTION('',(1.,0.,0.));
#1961=DIRECTION('',(-4.33680868994201E-16,0.,-1.));
#1962=DIRECTION('center_axis',(0.,1.,0.));
#1963=DIRECTION('ref_axis',(0.,0.,-1.));
#1964=DIRECTION('',(-4.33680868994201E-16,0.,1.));
#1965=DIRECTION('',(1.,0.,0.));
#1966=DIRECTION('',(0.,0.,1.));
#1967=DIRECTION('',(-1.,0.,0.));
#1968=DIRECTION('',(0.,0.,1.));
#1969=DIRECTION('center_axis',(0.,1.,0.));
#1970=DIRECTION('ref_axis',(0.,0.,-1.));
#1971=DIRECTION('center_axis',(0.,1.,0.));
#1972=DIRECTION('ref_axis',(0.,0.,1.));
#1973=DIRECTION('center_axis',(0.,1.,0.));
#1974=DIRECTION('ref_axis',(0.,0.,1.));
#1975=DIRECTION('center_axis',(1.,0.,4.33680868994201E-16));
#1976=DIRECTION('ref_axis',(4.33680868994201E-16,0.,-1.));
#1977=DIRECTION('',(0.,-1.,0.));
#1978=DIRECTION('',(-4.33680868994201E-16,0.,1.));
#1979=DIRECTION('',(0.,-1.,0.));
#1980=DIRECTION('center_axis',(0.,0.,-1.));
#1981=DIRECTION('ref_axis',(-1.,0.,0.));
#1982=DIRECTION('',(-1.,0.,0.));
#1983=DIRECTION('',(0.,-1.,0.));
#1984=DIRECTION('center_axis',(0.,0.,-1.));
#1985=DIRECTION('ref_axis',(-1.,0.,0.));
#1986=DIRECTION('',(0.,1.,0.));
#1987=DIRECTION('',(-1.,0.,0.));
#1988=DIRECTION('',(0.,-1.,0.));
#1989=DIRECTION('center_axis',(-1.,0.,4.33680868994201E-16));
#1990=DIRECTION('ref_axis',(4.33680868994201E-16,0.,1.));
#1991=DIRECTION('',(-4.33680868994201E-16,0.,-1.));
#1992=DIRECTION('',(0.,-1.,0.));
#1993=DIRECTION('center_axis',(0.,0.,1.));
#1994=DIRECTION('ref_axis',(1.,0.,0.));
#1995=DIRECTION('',(0.,-1.,0.));
#1996=DIRECTION('',(-1.,0.,0.));
#1997=DIRECTION('',(0.,-1.,0.));
#1998=DIRECTION('center_axis',(1.,0.,4.33680868994201E-16));
#1999=DIRECTION('ref_axis',(4.33680868994201E-16,0.,-1.));
#2000=DIRECTION('',(-4.33680868994201E-16,0.,1.));
#2001=DIRECTION('',(0.,-1.,0.));
#2002=DIRECTION('center_axis',(-1.,0.,4.33680868994201E-16));
#2003=DIRECTION('ref_axis',(4.33680868994201E-16,0.,1.));
#2004=DIRECTION('',(0.,-1.,0.));
#2005=DIRECTION('',(-4.33680868994201E-16,0.,-1.));
#2006=DIRECTION('',(0.,-1.,0.));
#2007=DIRECTION('center_axis',(0.,0.,1.));
#2008=DIRECTION('ref_axis',(1.,0.,0.));
#2009=DIRECTION('',(-1.,0.,0.));
#2010=DIRECTION('',(0.,1.,0.));
#2011=DIRECTION('center_axis',(0.,-1.,0.));
#2012=DIRECTION('ref_axis',(0.,0.,-1.));
#2013=DIRECTION('center_axis',(0.,1.,0.));
#2014=DIRECTION('ref_axis',(0.,0.,-1.));
#2015=DIRECTION('center_axis',(0.,-1.,0.));
#2016=DIRECTION('ref_axis',(0.,0.,-1.));
#2017=DIRECTION('center_axis',(0.,1.,0.));
#2018=DIRECTION('ref_axis',(0.,0.,-1.));
#2019=DIRECTION('',(1.0842021724855E-16,0.,-1.));
#2020=DIRECTION('',(0.,0.,-1.));
#2021=DIRECTION('center_axis',(0.,-1.,0.));
#2022=DIRECTION('ref_axis',(0.,0.,-1.));
#2023=DIRECTION('center_axis',(0.,-1.,0.));
#2024=DIRECTION('ref_axis',(0.,0.,-1.));
#2025=DIRECTION('center_axis',(-1.,0.,-1.0842021724855E-16));
#2026=DIRECTION('ref_axis',(-1.0842021724855E-16,0.,1.));
#2027=DIRECTION('center_axis',(0.,-1.,0.));
#2028=DIRECTION('ref_axis',(1.22464679914735E-16,0.,1.));
#2029=DIRECTION('center_axis',(1.,0.,0.));
#2030=DIRECTION('ref_axis',(0.,0.,-1.));
#2031=DIRECTION('center_axis',(0.,-1.,0.));
#2032=DIRECTION('ref_axis',(0.,0.,-1.));
#2033=DIRECTION('center_axis',(0.,1.,0.));
#2034=DIRECTION('ref_axis',(0.,0.,-1.));
#2035=DIRECTION('',(0.,-1.,0.));
#2036=DIRECTION('center_axis',(0.,-1.,0.));
#2037=DIRECTION('ref_axis',(0.,0.,-1.));
#2038=DIRECTION('center_axis',(0.,1.,0.));
#2039=DIRECTION('ref_axis',(0.,0.,-1.));
#2040=DIRECTION('',(0.,-1.,0.));
#2041=DIRECTION('center_axis',(0.,-1.,0.));
#2042=DIRECTION('ref_axis',(0.,0.,-1.));
#2043=DIRECTION('center_axis',(-1.,0.,0.));
#2044=DIRECTION('ref_axis',(0.,0.,1.));
#2045=DIRECTION('center_axis',(0.,-1.,0.));
#2046=DIRECTION('ref_axis',(0.,0.,-1.));
#2047=DIRECTION('center_axis',(-1.,0.,0.));
#2048=DIRECTION('ref_axis',(0.,0.,1.));
#2049=CARTESIAN_POINT('',(0.,0.,0.));
#2050=CARTESIAN_POINT('Origin',(-26.,-0.5,-69.));
#2051=CARTESIAN_POINT('',(-32.5,-0.5,-60.5));
#2052=CARTESIAN_POINT('',(-32.5,-0.5,-57.));
#2053=CARTESIAN_POINT('',(-32.5,-0.5,-51.));
#2054=CARTESIAN_POINT('',(-29.5,-0.5,-60.5));
#2055=CARTESIAN_POINT('',(-44.,-0.5,-60.5));
#2056=CARTESIAN_POINT('',(-29.5,-0.5,-51.5));
#2057=CARTESIAN_POINT('',(-29.5,-0.5,-51.));
#2058=CARTESIAN_POINT('',(-32.5,-0.5,-51.5));
#2059=CARTESIAN_POINT('',(-44.,-0.5,-51.5));
#2060=CARTESIAN_POINT('',(-32.5,-0.5,-55.));
#2061=CARTESIAN_POINT('',(-32.5,-0.5,-51.));
#2062=CARTESIAN_POINT('',(-33.,-0.5,-55.));
#2063=CARTESIAN_POINT('',(-44.,-0.5,-55.));
#2064=CARTESIAN_POINT('',(-33.,-0.5,-57.));
#2065=CARTESIAN_POINT('',(-33.,-0.5,-51.));
#2066=CARTESIAN_POINT('',(-44.,-0.5,-57.));
#2067=CARTESIAN_POINT('',(-31.,-0.5,-52.69));
#2068=CARTESIAN_POINT('',(-30.,-0.5,-52.69));
#2069=CARTESIAN_POINT('',(-31.,-0.5,-52.69));
#2070=CARTESIAN_POINT('',(-31.,-0.5,-51.69));
#2071=CARTESIAN_POINT('',(-31.,-0.5,-51.69));
#2072=CARTESIAN_POINT('',(-30.,-0.5,-51.69));
#2073=CARTESIAN_POINT('',(-31.,-0.5,-51.69));
#2074=CARTESIAN_POINT('',(-30.,-0.5,-51.69));
#2075=CARTESIAN_POINT('',(-31.,-0.5,-57.77));
#2076=CARTESIAN_POINT('',(-30.,-0.5,-57.77));
#2077=CARTESIAN_POINT('',(-31.,-0.5,-57.77));
#2078=CARTESIAN_POINT('',(-31.,-0.5,-56.77));
#2079=CARTESIAN_POINT('',(-31.,-0.5,-56.77));
#2080=CARTESIAN_POINT('',(-30.,-0.5,-56.77));
#2081=CARTESIAN_POINT('',(-31.,-0.5,-56.77));
#2082=CARTESIAN_POINT('',(-30.,-0.5,-56.77));
#2083=CARTESIAN_POINT('',(-31.,-0.5,-55.23));
#2084=CARTESIAN_POINT('',(-30.,-0.5,-55.23));
#2085=CARTESIAN_POINT('',(-31.,-0.5,-55.23));
#2086=CARTESIAN_POINT('',(-31.,-0.5,-54.23));
#2087=CARTESIAN_POINT('',(-31.,-0.5,-54.23));
#2088=CARTESIAN_POINT('',(-30.,-0.5,-54.23));
#2089=CARTESIAN_POINT('',(-31.,-0.5,-54.23));
#2090=CARTESIAN_POINT('',(-30.,-0.5,-54.23));
#2091=CARTESIAN_POINT('',(-31.,-0.5,-60.31));
#2092=CARTESIAN_POINT('',(-30.,-0.5,-60.31));
#2093=CARTESIAN_POINT('',(-31.,-0.5,-60.31));
#2094=CARTESIAN_POINT('',(-31.,-0.5,-59.31));
#2095=CARTESIAN_POINT('',(-31.,-0.5,-59.31));
#2096=CARTESIAN_POINT('',(-30.,-0.5,-59.31));
#2097=CARTESIAN_POINT('',(-31.,-0.5,-59.31));
#2098=CARTESIAN_POINT('',(-30.,-0.5,-59.31));
#2099=CARTESIAN_POINT('Origin',(-29.,-6.,-61.));
#2100=CARTESIAN_POINT('',(-33.,0.,-61.));
#2101=CARTESIAN_POINT('',(-29.,0.,-61.));
#2102=CARTESIAN_POINT('',(-29.,0.,-61.));
#2103=CARTESIAN_POINT('',(-29.,-6.,-61.));
#2104=CARTESIAN_POINT('',(-29.,-6.,-61.));
#2105=CARTESIAN_POINT('',(-33.,-6.,-61.));
#2106=CARTESIAN_POINT('',(-29.,-6.,-61.));
#2107=CARTESIAN_POINT('',(-33.,-6.,-61.));
#2108=CARTESIAN_POINT('Origin',(-29.,-6.,-51.));
#2109=CARTESIAN_POINT('',(-29.,0.,-51.));
#2110=CARTESIAN_POINT('',(-29.,0.,-51.));
#2111=CARTESIAN_POINT('',(-29.,-6.,-51.));
#2112=CARTESIAN_POINT('',(-29.,-6.,-51.));
#2113=CARTESIAN_POINT('',(-29.,-6.,-51.));
#2114=CARTESIAN_POINT('Origin',(-29.,-6.,-51.));
#2115=CARTESIAN_POINT('',(-33.,0.,-51.));
#2116=CARTESIAN_POINT('',(-29.,0.,-51.));
#2117=CARTESIAN_POINT('',(-33.,-6.,-51.));
#2118=CARTESIAN_POINT('',(-33.,-6.,-51.));
#2119=CARTESIAN_POINT('',(-29.,-6.,-51.));
#2120=CARTESIAN_POINT('Origin',(-33.,-6.,-51.));
#2121=CARTESIAN_POINT('',(-33.,-6.,-55.));
#2122=CARTESIAN_POINT('',(-33.,9.65660395791398,-55.));
#2123=CARTESIAN_POINT('',(-33.,-6.,-51.));
#2124=CARTESIAN_POINT('',(-33.,0.,-51.));
#2125=CARTESIAN_POINT('',(-33.,-6.,-57.));
#2126=CARTESIAN_POINT('',(-33.,-6.,-51.));
#2127=CARTESIAN_POINT('',(-33.,9.65660395791398,-57.));
#2128=CARTESIAN_POINT('Origin',(-44.,-6.,-51.));
#2129=CARTESIAN_POINT('',(-32.5,-6.,-55.));
#2130=CARTESIAN_POINT('',(-44.,-6.,-55.));
#2131=CARTESIAN_POINT('',(-32.5,-6.,-51.5));
#2132=CARTESIAN_POINT('',(-32.5,-6.,-51.));
#2133=CARTESIAN_POINT('',(-29.5,-6.,-51.5));
#2134=CARTESIAN_POINT('',(-44.,-6.,-51.5));
#2135=CARTESIAN_POINT('',(-29.5,-6.,-60.5));
#2136=CARTESIAN_POINT('',(-29.5,-6.,-51.));
#2137=CARTESIAN_POINT('',(-32.5,-6.,-60.5));
#2138=CARTESIAN_POINT('',(-44.,-6.,-60.5));
#2139=CARTESIAN_POINT('',(-32.5,-6.,-57.));
#2140=CARTESIAN_POINT('',(-32.5,-6.,-51.));
#2141=CARTESIAN_POINT('',(-44.,-6.,-57.));
#2142=CARTESIAN_POINT('Origin',(-44.,0.,-51.));
#2143=CARTESIAN_POINT('Origin',(-29.5,9.65660395791398,-51.));
#2144=CARTESIAN_POINT('',(-29.5,9.65660395791398,-60.5));
#2145=CARTESIAN_POINT('',(-29.5,9.65660395791398,-51.5));
#2146=CARTESIAN_POINT('Origin',(-44.,9.65660395791398,-51.5));
#2147=CARTESIAN_POINT('',(-32.5,9.65660395791398,-51.5));
#2148=CARTESIAN_POINT('Origin',(-32.5,9.65660395791398,-51.));
#2149=CARTESIAN_POINT('',(-32.5,9.65660395791398,-55.));
#2150=CARTESIAN_POINT('Origin',(-44.,9.65660395791398,-55.));
#2151=CARTESIAN_POINT('Origin',(-44.,9.65660395791398,-57.));
#2152=CARTESIAN_POINT('',(-32.5,9.65660395791398,-57.));
#2153=CARTESIAN_POINT('Origin',(-32.5,9.65660395791398,-51.));
#2154=CARTESIAN_POINT('',(-32.5,9.65660395791398,-60.5));
#2155=CARTESIAN_POINT('Origin',(-44.,9.65660395791398,-60.5));
#2156=CARTESIAN_POINT('Origin',(-31.,-7.4142135623731,-60.31));
#2157=CARTESIAN_POINT('',(-30.,-5.6,-60.31));
#2158=CARTESIAN_POINT('',(-30.,-7.4142135623731,-60.31));
#2159=CARTESIAN_POINT('',(-31.,-5.6,-60.31));
#2160=CARTESIAN_POINT('',(-31.,-5.6,-60.31));
#2161=CARTESIAN_POINT('',(-31.,-7.4142135623731,-60.31));
#2162=CARTESIAN_POINT('Origin',(-30.,-7.4142135623731,-59.31));
#2163=CARTESIAN_POINT('',(-30.,-5.6,-59.31));
#2164=CARTESIAN_POINT('',(-30.,-7.4142135623731,-59.31));
#2165=CARTESIAN_POINT('',(-30.,-5.6,-60.31));
#2166=CARTESIAN_POINT('Origin',(-31.,-7.4142135623731,-59.31));
#2167=CARTESIAN_POINT('',(-31.,-5.6,-59.31));
#2168=CARTESIAN_POINT('',(-31.,-7.4142135623731,-59.31));
#2169=CARTESIAN_POINT('',(-30.,-5.6,-59.31));
#2170=CARTESIAN_POINT('Origin',(-31.,-7.4142135623731,-59.31));
#2171=CARTESIAN_POINT('',(-31.,-5.6,-59.31));
#2172=CARTESIAN_POINT('Origin',(-44.,-6.,-51.));
#2173=CARTESIAN_POINT('',(-30.4,-6.,-59.91));
#2174=CARTESIAN_POINT('',(-30.4,-6.,-59.71));
#2175=CARTESIAN_POINT('',(-30.4,-6.,-59.31));
#2176=CARTESIAN_POINT('',(-30.6,-6.,-59.71));
#2177=CARTESIAN_POINT('',(-31.,-6.,-59.71));
#2178=CARTESIAN_POINT('',(-30.6,-6.,-59.91));
#2179=CARTESIAN_POINT('',(-30.6,-6.,-60.31));
#2180=CARTESIAN_POINT('',(-30.,-6.,-59.91));
#2181=CARTESIAN_POINT('Origin',(-44.,-6.,-59.91));
#2182=CARTESIAN_POINT('',(-27.63,-8.97,-56.94));
#2183=CARTESIAN_POINT('',(-34.9333333333333,-10.5333333333333,-55.3766666666667));
#2184=CARTESIAN_POINT('Origin',(-30.4,-6.,-51.));
#2185=CARTESIAN_POINT('',(-27.4966666666666,-3.09666666666667,-56.8066666666667));
#2186=CARTESIAN_POINT('Origin',(-30.6,-6.,-51.));
#2187=CARTESIAN_POINT('',(-33.5033333333333,-3.09666666666667,-56.8066666666667));
#2188=CARTESIAN_POINT('Origin',(-44.,-6.,-59.71));
#2189=CARTESIAN_POINT('Origin',(-31.,-7.4142135623731,-55.23));
#2190=CARTESIAN_POINT('',(-30.,-5.6,-55.23));
#2191=CARTESIAN_POINT('',(-30.,-7.4142135623731,-55.23));
#2192=CARTESIAN_POINT('',(-31.,-5.6,-55.23));
#2193=CARTESIAN_POINT('',(-31.,-5.6,-55.23));
#2194=CARTESIAN_POINT('',(-31.,-7.4142135623731,-55.23));
#2195=CARTESIAN_POINT('Origin',(-30.,-7.4142135623731,-54.23));
#2196=CARTESIAN_POINT('',(-30.,-5.6,-54.23));
#2197=CARTESIAN_POINT('',(-30.,-7.4142135623731,-54.23));
#2198=CARTESIAN_POINT('',(-30.,-5.6,-55.23));
#2199=CARTESIAN_POINT('Origin',(-31.,-7.4142135623731,-54.23));
#2200=CARTESIAN_POINT('',(-31.,-5.6,-54.23));
#2201=CARTESIAN_POINT('',(-31.,-7.4142135623731,-54.23));
#2202=CARTESIAN_POINT('',(-30.,-5.6,-54.23));
#2203=CARTESIAN_POINT('Origin',(-31.,-7.4142135623731,-54.23));
#2204=CARTESIAN_POINT('',(-31.,-5.6,-54.23));
#2205=CARTESIAN_POINT('Origin',(-44.,-6.,-51.));
#2206=CARTESIAN_POINT('',(-30.4,-6.,-54.83));
#2207=CARTESIAN_POINT('',(-30.4,-6.,-54.63));
#2208=CARTESIAN_POINT('',(-30.4,-6.,-54.23));
#2209=CARTESIAN_POINT('',(-30.6,-6.,-54.63));
#2210=CARTESIAN_POINT('',(-31.,-6.,-54.63));
#2211=CARTESIAN_POINT('',(-30.6,-6.,-54.83));
#2212=CARTESIAN_POINT('',(-30.6,-6.,-55.23));
#2213=CARTESIAN_POINT('',(-30.,-6.,-54.83));
#2214=CARTESIAN_POINT('Origin',(-44.,-6.,-54.83));
#2215=CARTESIAN_POINT('',(-29.3233333333333,-7.27666666666667,-53.5533333333333));
#2216=CARTESIAN_POINT('',(-34.9333333333333,-10.5333333333333,-50.2966666666667));
#2217=CARTESIAN_POINT('Origin',(-30.4,-6.,-51.));
#2218=CARTESIAN_POINT('',(-29.19,-4.79,-53.42));
#2219=CARTESIAN_POINT('Origin',(-30.6,-6.,-51.));
#2220=CARTESIAN_POINT('',(-31.81,-4.79,-53.42));
#2221=CARTESIAN_POINT('Origin',(-44.,-6.,-54.63));
#2222=CARTESIAN_POINT('Origin',(-31.,-7.4142135623731,-57.77));
#2223=CARTESIAN_POINT('',(-30.,-5.6,-57.77));
#2224=CARTESIAN_POINT('',(-30.,-7.4142135623731,-57.77));
#2225=CARTESIAN_POINT('',(-31.,-5.6,-57.77));
#2226=CARTESIAN_POINT('',(-31.,-5.6,-57.77));
#2227=CARTESIAN_POINT('',(-31.,-7.4142135623731,-57.77));
#2228=CARTESIAN_POINT('Origin',(-30.,-7.4142135623731,-56.77));
#2229=CARTESIAN_POINT('',(-30.,-5.6,-56.77));
#2230=CARTESIAN_POINT('',(-30.,-7.4142135623731,-56.77));
#2231=CARTESIAN_POINT('',(-30.,-5.6,-57.77));
#2232=CARTESIAN_POINT('Origin',(-31.,-7.4142135623731,-56.77));
#2233=CARTESIAN_POINT('',(-31.,-5.6,-56.77));
#2234=CARTESIAN_POINT('',(-31.,-7.4142135623731,-56.77));
#2235=CARTESIAN_POINT('',(-30.,-5.6,-56.77));
#2236=CARTESIAN_POINT('Origin',(-31.,-7.4142135623731,-56.77));
#2237=CARTESIAN_POINT('',(-31.,-5.6,-56.77));
#2238=CARTESIAN_POINT('Origin',(-44.,-6.,-51.));
#2239=CARTESIAN_POINT('',(-30.4,-6.,-57.37));
#2240=CARTESIAN_POINT('',(-30.4,-6.,-57.17));
#2241=CARTESIAN_POINT('',(-30.4,-6.,-56.77));
#2242=CARTESIAN_POINT('',(-30.6,-6.,-57.17));
#2243=CARTESIAN_POINT('',(-31.,-6.,-57.17));
#2244=CARTESIAN_POINT('',(-30.6,-6.,-57.37));
#2245=CARTESIAN_POINT('',(-30.6,-6.,-57.77));
#2246=CARTESIAN_POINT('',(-30.,-6.,-57.37));
#2247=CARTESIAN_POINT('Origin',(-44.,-6.,-57.37));
#2248=CARTESIAN_POINT('',(-28.4766666666666,-8.12333333333334,-55.2466666666667));
#2249=CARTESIAN_POINT('',(-34.9333333333333,-10.5333333333333,-52.8366666666667));
#2250=CARTESIAN_POINT('Origin',(-30.4,-6.,-51.));
#2251=CARTESIAN_POINT('',(-28.3433333333333,-3.94333333333333,-55.1133333333333));
#2252=CARTESIAN_POINT('Origin',(-30.6,-6.,-51.));
#2253=CARTESIAN_POINT('',(-32.6566666666666,-3.94333333333333,-55.1133333333333));
#2254=CARTESIAN_POINT('Origin',(-44.,-6.,-57.17));
#2255=CARTESIAN_POINT('Origin',(-31.,-7.4142135623731,-52.69));
#2256=CARTESIAN_POINT('',(-30.,-5.6,-52.69));
#2257=CARTESIAN_POINT('',(-30.,-7.4142135623731,-52.69));
#2258=CARTESIAN_POINT('',(-31.,-5.6,-52.69));
#2259=CARTESIAN_POINT('',(-31.,-5.6,-52.69));
#2260=CARTESIAN_POINT('',(-31.,-7.4142135623731,-52.69));
#2261=CARTESIAN_POINT('Origin',(-30.,-7.4142135623731,-51.69));
#2262=CARTESIAN_POINT('',(-30.,-5.6,-51.69));
#2263=CARTESIAN_POINT('',(-30.,-7.4142135623731,-51.69));
#2264=CARTESIAN_POINT('',(-30.,-5.6,-52.69));
#2265=CARTESIAN_POINT('Origin',(-31.,-7.4142135623731,-51.69));
#2266=CARTESIAN_POINT('',(-31.,-5.6,-51.69));
#2267=CARTESIAN_POINT('',(-31.,-7.4142135623731,-51.69));
#2268=CARTESIAN_POINT('',(-30.,-5.6,-51.69));
#2269=CARTESIAN_POINT('Origin',(-31.,-7.4142135623731,-51.69));
#2270=CARTESIAN_POINT('',(-31.,-5.6,-51.69));
#2271=CARTESIAN_POINT('Origin',(-44.,-6.,-51.));
#2272=CARTESIAN_POINT('',(-30.4,-6.,-52.29));
#2273=CARTESIAN_POINT('',(-30.4,-6.,-52.09));
#2274=CARTESIAN_POINT('',(-30.4,-6.,-51.69));
#2275=CARTESIAN_POINT('',(-30.6,-6.,-52.09));
#2276=CARTESIAN_POINT('',(-31.,-6.,-52.09));
#2277=CARTESIAN_POINT('',(-30.6,-6.,-52.29));
#2278=CARTESIAN_POINT('',(-30.6,-6.,-52.69));
#2279=CARTESIAN_POINT('',(-30.,-6.,-52.29));
#2280=CARTESIAN_POINT('Origin',(-44.,-6.,-52.29));
#2281=CARTESIAN_POINT('',(-30.17,-6.43,-51.86));
#2282=CARTESIAN_POINT('',(-34.9333333333333,-10.5333333333333,-47.7566666666667));
#2283=CARTESIAN_POINT('Origin',(-30.4,-6.,-51.));
#2284=CARTESIAN_POINT('',(-30.0366666666666,-5.63666666666667,-51.7266666666667));
#2285=CARTESIAN_POINT('Origin',(-30.6,-6.,-51.));
#2286=CARTESIAN_POINT('',(-30.9633333333333,-5.63666666666667,-51.7266666666667));
#2287=CARTESIAN_POINT('Origin',(-44.,-6.,-52.09));
#2288=CARTESIAN_POINT('Origin',(-45.,8.5,-55.));
#2289=CARTESIAN_POINT('',(-45.,8.5,-48.75));
#2290=CARTESIAN_POINT('Origin',(-45.,8.5,-55.));
#2291=CARTESIAN_POINT('',(-45.,8.5,-58.4141873646476));
#2292=CARTESIAN_POINT('Origin',(-45.,8.5,-55.));
#2293=CARTESIAN_POINT('Origin',(-45.,4.10000000000001,-55.));
#2294=CARTESIAN_POINT('',(-45.,13.0999999999999,-59.3919475483297));
#2295=CARTESIAN_POINT('',(-45.,4.10000000000001,-57.4789384932995));
#2296=CARTESIAN_POINT('Origin',(-45.,13.0999999999999,-55.));
#2297=CARTESIAN_POINT('Origin',(-45.,4.10000000000001,-55.));
#2298=CARTESIAN_POINT('',(-45.,14.1,-59.3919475483297));
#2299=CARTESIAN_POINT('',(-45.,4.10000000000001,-59.3919475483297));
#2300=CARTESIAN_POINT('Origin',(-45.,14.1,-55.));
#2301=CARTESIAN_POINT('Origin',(-45.,14.1,-55.));
#2302=CARTESIAN_POINT('',(-45.,16.1,-60.2));
#2303=CARTESIAN_POINT('',(-45.,14.1,-59.3919475483297));
#2304=CARTESIAN_POINT('Origin',(-45.,16.1,-55.));
#2305=CARTESIAN_POINT('Origin',(-45.,16.1,-55.));
#2306=CARTESIAN_POINT('',(-45.,15.9,-48.));
#2307=CARTESIAN_POINT('Origin',(-45.,15.9,-55.));
#2308=CARTESIAN_POINT('',(-45.,16.1,-48.2));
#2309=CARTESIAN_POINT('',(-45.,16.1,-48.2));
#2310=CARTESIAN_POINT('Origin',(-45.,16.1,-55.));
#2311=CARTESIAN_POINT('Origin',(-45.,16.1,-55.));
#2312=CARTESIAN_POINT('',(-45.,12.6,-48.));
#2313=CARTESIAN_POINT('Origin',(-45.,12.6,-55.));
#2314=CARTESIAN_POINT('',(-45.,16.1,-48.));
#2315=CARTESIAN_POINT('Origin',(-45.,12.6,-55.));
#2316=CARTESIAN_POINT('',(-45.,12.6,-48.75));
#2317=CARTESIAN_POINT('',(-45.,12.6,-48.75));
#2318=CARTESIAN_POINT('Origin',(-45.,12.6,-55.));
#2319=CARTESIAN_POINT('Origin',(-45.,12.6,-55.));
#2320=CARTESIAN_POINT('Origin',(-45.,16.1,-55.));
#2321=CARTESIAN_POINT('Origin',(-28.9999997615814,1.5,-71.0000002235174));
#2322=CARTESIAN_POINT('',(-28.9999997615814,0.,-71.0000002235174));
#2323=CARTESIAN_POINT('',(-61.0000002384186,0.,-71.0000002235174));
#2324=CARTESIAN_POINT('',(-27.9999998807907,0.,-71.0000002235174));
#2325=CARTESIAN_POINT('',(-61.0000002384186,1.5,-71.0000002235174));
#2326=CARTESIAN_POINT('',(-61.,-2.25,-71.0000002235174));
#2327=CARTESIAN_POINT('',(-28.9999997615814,1.5,-71.0000002235174));
#2328=CARTESIAN_POINT('',(-27.9999998807907,1.5,-71.0000002235174));
#2329=CARTESIAN_POINT('',(-29.,-2.25,-71.0000002235174));
#2330=CARTESIAN_POINT('Origin',(-61.,-6.,-55.));
#2331=CARTESIAN_POINT('',(-61.,0.,-39.));
#2332=CARTESIAN_POINT('',(-61.,0.,-37.));
#2333=CARTESIAN_POINT('',(-61.,1.5,-39.));
#2334=CARTESIAN_POINT('',(-61.,-6.,-39.));
#2335=CARTESIAN_POINT('',(-61.,1.5,-46.));
#2336=CARTESIAN_POINT('Origin',(-29.,-6.,-55.));
#2337=CARTESIAN_POINT('',(-29.,0.,-39.));
#2338=CARTESIAN_POINT('',(-29.,0.,-37.));
#2339=CARTESIAN_POINT('',(-29.,1.5,-39.));
#2340=CARTESIAN_POINT('',(-29.,1.5,-37.));
#2341=CARTESIAN_POINT('',(-29.,-6.,-39.));
#2342=CARTESIAN_POINT('Origin',(-27.,0.,-37.));
#2343=CARTESIAN_POINT('',(-27.,0.,-39.));
#2344=CARTESIAN_POINT('',(-60.,0.,-41.));
#2345=CARTESIAN_POINT('Origin',(-59.,0.,-41.));
#2346=CARTESIAN_POINT('',(-60.,0.,-69.));
#2347=CARTESIAN_POINT('Origin',(-59.,0.,-69.));
#2348=CARTESIAN_POINT('',(-32.,0.,-41.));
#2349=CARTESIAN_POINT('Origin',(-31.,0.,-41.));
#2350=CARTESIAN_POINT('',(-32.,0.,-69.));
#2351=CARTESIAN_POINT('Origin',(-31.,0.,-69.));
#2352=CARTESIAN_POINT('Origin',(-45.,-6.,-39.));
#2353=CARTESIAN_POINT('',(-27.,1.5,-39.));
#2354=CARTESIAN_POINT('Origin',(-31.,1.5,-41.));
#2355=CARTESIAN_POINT('',(-32.,1.5,-41.));
#2356=CARTESIAN_POINT('',(-32.,1.5,-41.));
#2357=CARTESIAN_POINT('Origin',(-31.,1.5,-41.));
#2358=CARTESIAN_POINT('Origin',(-31.,1.5,-69.));
#2359=CARTESIAN_POINT('',(-32.,1.5,-69.));
#2360=CARTESIAN_POINT('',(-32.,1.5,-69.));
#2361=CARTESIAN_POINT('Origin',(-31.,1.5,-69.));
#2362=CARTESIAN_POINT('Origin',(-59.,1.5,-69.));
#2363=CARTESIAN_POINT('',(-60.,1.5,-69.));
#2364=CARTESIAN_POINT('',(-60.,1.5,-69.));
#2365=CARTESIAN_POINT('Origin',(-59.,1.5,-69.));
#2366=CARTESIAN_POINT('Origin',(-59.,1.5,-41.));
#2367=CARTESIAN_POINT('',(-60.,1.5,-41.));
#2368=CARTESIAN_POINT('',(-60.,1.5,-41.));
#2369=CARTESIAN_POINT('Origin',(-59.,1.5,-41.));
#2370=CARTESIAN_POINT('Origin',(-27.,1.5,-37.));
#2371=CARTESIAN_POINT('Origin',(-45.,1.5,-55.0000001117587));
#2372=CARTESIAN_POINT('',(-42.9,1.5,-63.));
#2373=CARTESIAN_POINT('',(-42.9,1.5,-64.));
#2374=CARTESIAN_POINT('',(-42.9,1.5,-64.));
#2375=CARTESIAN_POINT('',(-37.,1.5,-63.));
#2376=CARTESIAN_POINT('',(-42.9,1.5,-63.));
#2377=CARTESIAN_POINT('',(-37.,1.5,-47.));
#2378=CARTESIAN_POINT('',(-37.,1.5,-63.));
#2379=CARTESIAN_POINT('',(-42.9,1.5,-47.));
#2380=CARTESIAN_POINT('',(-42.9,1.5,-47.));
#2381=CARTESIAN_POINT('',(-42.9,1.5,-46.));
#2382=CARTESIAN_POINT('',(-42.9,1.5,-46.));
#2383=CARTESIAN_POINT('',(-47.1,1.5,-46.));
#2384=CARTESIAN_POINT('Origin',(-45.,1.5,-46.));
#2385=CARTESIAN_POINT('',(-47.1,1.5,-47.));
#2386=CARTESIAN_POINT('',(-47.1,1.5,-46.));
#2387=CARTESIAN_POINT('',(-53.,1.5,-47.));
#2388=CARTESIAN_POINT('',(-53.,1.5,-47.));
#2389=CARTESIAN_POINT('',(-53.,1.5,-63.));
#2390=CARTESIAN_POINT('',(-53.,1.5,-63.));
#2391=CARTESIAN_POINT('',(-47.1,1.5,-63.));
#2392=CARTESIAN_POINT('',(-53.,1.5,-63.));
#2393=CARTESIAN_POINT('',(-47.1,1.5,-64.));
#2394=CARTESIAN_POINT('',(-47.1,1.5,-64.));
#2395=CARTESIAN_POINT('Origin',(-45.,1.5,-64.));
#2396=CARTESIAN_POINT('',(-45.,1.5,-45.25));
#2397=CARTESIAN_POINT('Origin',(-45.,1.5,-46.));
#2398=CARTESIAN_POINT('',(-45.,1.5,-63.25));
#2399=CARTESIAN_POINT('Origin',(-45.,1.5,-64.));
#2400=CARTESIAN_POINT('Origin',(-47.1,8.5,-46.));
#2401=CARTESIAN_POINT('',(-47.1,8.5,-46.));
#2402=CARTESIAN_POINT('',(-47.1,8.5,-46.));
#2403=CARTESIAN_POINT('',(-47.1,8.5,-47.));
#2404=CARTESIAN_POINT('',(-47.1,8.5,-55.));
#2405=CARTESIAN_POINT('',(-47.1,8.5,-47.));
#2406=CARTESIAN_POINT('Origin',(-53.,8.5,-47.));
#2407=CARTESIAN_POINT('',(-53.,8.5,-47.));
#2408=CARTESIAN_POINT('',(-49.,8.5,-47.));
#2409=CARTESIAN_POINT('',(-53.,8.5,-47.));
#2410=CARTESIAN_POINT('Origin',(-53.,8.5,-47.));
#2411=CARTESIAN_POINT('',(-37.,8.5,-47.));
#2412=CARTESIAN_POINT('',(-37.,8.5,-47.));
#2413=CARTESIAN_POINT('',(-42.9,8.5,-47.));
#2414=CARTESIAN_POINT('',(-49.,8.5,-47.));
#2415=CARTESIAN_POINT('',(-42.9,8.5,-47.));
#2416=CARTESIAN_POINT('Origin',(-42.9,8.5,-46.));
#2417=CARTESIAN_POINT('',(-42.9,8.5,-46.));
#2418=CARTESIAN_POINT('',(-42.9,8.5,-55.));
#2419=CARTESIAN_POINT('',(-42.9,8.5,-46.));
#2420=CARTESIAN_POINT('Origin',(-42.9,8.5,-63.));
#2421=CARTESIAN_POINT('',(-53.,8.5,-63.));
#2422=CARTESIAN_POINT('',(-53.,8.5,-63.));
#2423=CARTESIAN_POINT('',(-47.1,8.5,-63.));
#2424=CARTESIAN_POINT('',(-43.95,8.5,-63.));
#2425=CARTESIAN_POINT('',(-47.1,8.5,-63.));
#2426=CARTESIAN_POINT('Origin',(-47.1,8.5,-46.));
#2427=CARTESIAN_POINT('',(-47.1,8.5,-64.));
#2428=CARTESIAN_POINT('',(-47.1,8.5,-55.));
#2429=CARTESIAN_POINT('',(-47.1,8.5,-64.));
#2430=CARTESIAN_POINT('Origin',(-42.9,8.5,-46.));
#2431=CARTESIAN_POINT('',(-42.9,8.5,-64.));
#2432=CARTESIAN_POINT('',(-42.9,8.5,-64.));
#2433=CARTESIAN_POINT('',(-42.9,8.5,-63.));
#2434=CARTESIAN_POINT('',(-42.9,8.5,-55.));
#2435=CARTESIAN_POINT('',(-42.9,8.5,-63.));
#2436=CARTESIAN_POINT('Origin',(-42.9,8.5,-63.));
#2437=CARTESIAN_POINT('',(-37.,8.5,-63.));
#2438=CARTESIAN_POINT('',(-43.95,8.5,-63.));
#2439=CARTESIAN_POINT('',(-37.,8.5,-63.));
#2440=CARTESIAN_POINT('Origin',(-45.,8.5,-64.));
#2441=CARTESIAN_POINT('Origin',(-45.,8.5,-64.));
#2442=CARTESIAN_POINT('Origin',(-45.,8.5,-64.));
#2443=CARTESIAN_POINT('Origin',(-45.,8.5,-46.));
#2444=CARTESIAN_POINT('',(-37.,8.5,-63.5));
#2445=CARTESIAN_POINT('',(-53.,8.5,-63.5));
#2446=CARTESIAN_POINT('',(-45.,8.5,-45.05));
#2447=CARTESIAN_POINT('Origin',(-45.,8.5,-46.));
#2448=CARTESIAN_POINT('',(-45.,8.5,-63.05));
#2449=CARTESIAN_POINT('Origin',(-45.,8.5,-64.));
#2450=CARTESIAN_POINT('Origin',(-37.,8.5,-63.));
#2451=CARTESIAN_POINT('Origin',(-45.,8.5,-46.));
#2452=CARTESIAN_POINT('Origin',(-53.,8.5,-63.));
#2453=CARTESIAN_POINT('Origin',(-45.,8.5,-64.));
#2454=CARTESIAN_POINT('',(-45.,8.3,-63.25));
#2455=CARTESIAN_POINT('Origin',(-45.,8.3,-64.));
#2456=CARTESIAN_POINT('',(-45.,8.5,-63.25));
#2457=CARTESIAN_POINT('Origin',(-45.,8.5,-46.));
#2458=CARTESIAN_POINT('',(-45.,8.3,-45.25));
#2459=CARTESIAN_POINT('Origin',(-45.,8.3,-46.));
#2460=CARTESIAN_POINT('',(-45.,8.5,-45.25));
#2461=CARTESIAN_POINT('Origin',(-45.,8.3,-46.));
#2462=CARTESIAN_POINT('Origin',(-45.,8.3,-45.05));
#2463=CARTESIAN_POINT('Origin',(-45.,8.3,-64.));
#2464=CARTESIAN_POINT('Origin',(-45.,8.3,-63.05));
#2465=UNCERTAINTY_MEASURE_WITH_UNIT(LENGTH_MEASURE(0.01),#2469,
'DISTANCE_ACCURACY_VALUE',
'Maximum model space distance between geometric entities at asserted c
onnectivities');
#2466=UNCERTAINTY_MEASURE_WITH_UNIT(LENGTH_MEASURE(0.01),#2469,
'DISTANCE_ACCURACY_VALUE',
'Maximum model space distance between geometric entities at asserted c
onnectivities');
#2467=(
GEOMETRIC_REPRESENTATION_CONTEXT(3)
GLOBAL_UNCERTAINTY_ASSIGNED_CONTEXT((#2465))
GLOBAL_UNIT_ASSIGNED_CONTEXT((#2469,#2471,#2472))
REPRESENTATION_CONTEXT('','3D')
);
#2468=(
GEOMETRIC_REPRESENTATION_CONTEXT(3)
GLOBAL_UNCERTAINTY_ASSIGNED_CONTEXT((#2466))
GLOBAL_UNIT_ASSIGNED_CONTEXT((#2469,#2471,#2472))
REPRESENTATION_CONTEXT('','3D')
);
#2469=(
LENGTH_UNIT()
NAMED_UNIT(*)
SI_UNIT(.MILLI.,.METRE.)
);
#2470=(
LENGTH_UNIT()
NAMED_UNIT(*)
SI_UNIT($,.METRE.)
);
#2471=(
NAMED_UNIT(*)
PLANE_ANGLE_UNIT()
SI_UNIT($,.RADIAN.)
);
#2472=(
NAMED_UNIT(*)
SI_UNIT($,.STERADIAN.)
SOLID_ANGLE_UNIT()
);
#2473=SHAPE_DEFINITION_REPRESENTATION(#2474,#2475);
#2474=PRODUCT_DEFINITION_SHAPE('',$,#2477);
#2475=SHAPE_REPRESENTATION('',(#1526),#2467);
#2476=PRODUCT_DEFINITION_CONTEXT('part definition',#2481,'design');
#2477=PRODUCT_DEFINITION('2026-09-01-21-18-30-638','ov2710',#2478,#2476);
#2478=PRODUCT_DEFINITION_FORMATION('',$,#2483);
#2479=PRODUCT_RELATED_PRODUCT_CATEGORY('ov2710','ov2710',(#2483));
#2480=APPLICATION_PROTOCOL_DEFINITION('international standard',
'automotive_design',2009,#2481);
#2481=APPLICATION_CONTEXT(
'Core Data for Automotive Mechanical Design Process');
#2482=PRODUCT_CONTEXT('part definition',#2481,'mechanical');
#2483=PRODUCT('2026-09-01-21-18-30-638','ov2710',$,(#2482));
#2484=PRESENTATION_STYLE_ASSIGNMENT((#2488));
#2485=PRESENTATION_STYLE_ASSIGNMENT((#2489));
#2486=PRESENTATION_STYLE_ASSIGNMENT((#2490));
#2487=PRESENTATION_STYLE_ASSIGNMENT((#2491));
#2488=SURFACE_STYLE_USAGE(.BOTH.,#2492);
#2489=SURFACE_STYLE_USAGE(.BOTH.,#2493);
#2490=SURFACE_STYLE_USAGE(.BOTH.,#2494);
#2491=SURFACE_STYLE_USAGE(.BOTH.,#2495);
#2492=SURFACE_SIDE_STYLE('',(#2496));
#2493=SURFACE_SIDE_STYLE('',(#2497));
#2494=SURFACE_SIDE_STYLE('',(#2498));
#2495=SURFACE_SIDE_STYLE('',(#2499));
#2496=SURFACE_STYLE_FILL_AREA(#2500);
#2497=SURFACE_STYLE_FILL_AREA(#2501);
#2498=SURFACE_STYLE_FILL_AREA(#2502);
#2499=SURFACE_STYLE_FILL_AREA(#2503);
#2500=FILL_AREA_STYLE('Steel - Satin',(#2504));
#2501=FILL_AREA_STYLE('Opaque(165,132,0)',(#2505));
#2502=FILL_AREA_STYLE('Opaque(26,26,26)',(#2506));
#2503=FILL_AREA_STYLE('Opaque(76,76,76)',(#2507));
#2504=FILL_AREA_STYLE_COLOUR('Steel - Satin',#2508);
#2505=FILL_AREA_STYLE_COLOUR('Opaque(165,132,0)',#2509);
#2506=FILL_AREA_STYLE_COLOUR('Opaque(26,26,26)',#2510);
#2507=FILL_AREA_STYLE_COLOUR('Opaque(76,76,76)',#2511);
#2508=COLOUR_RGB('Steel - Satin',0.627450980392157,0.627450980392157,0.627450980392157);
#2509=COLOUR_RGB('Opaque(165,132,0)',0.925490196078431,0.913725490196078,
0.874509803921569);
#2510=COLOUR_RGB('Opaque(26,26,26)',0.101960784313725,0.101960784313725,
0.101960784313725);
#2511=COLOUR_RGB('Opaque(76,76,76)',0.298039215686275,0.298039215686275,
0.298039215686275);
ENDSEC;
END-ISO-10303-21;
